This file was created by CMPT_ME_BEME_OP_INV_RETS using the 202110 CRSP database.,,,,,,
It contains value- and equal-weighted returns for portfolios formed on ME and BEME.,,,,,,
,,,,,,
The portfolios are constructed at the end of June.  BEME is book value at the last fiscal year end of the prior calendar year,,,,,,
divided by ME at the end of December of the prior year. ,,,,,,
Annual returns are from January to December.,,,,,,
,,,,,,
Missing data are indicated by -99.99 or -999.,,,,,,
,,,,,,
The break points include utilities and include financials.,,,,,,
,,,,,,
The  portfolios  include utilities and include financials.,,,,,,
,,,,,,
,,,,,,
  Average Value Weighted Returns -- Monthly,,,,,,
Date,SMALL LoBM,ME1 BM2,SMALL HiBM,BIG LoBM,ME2 BM2,BIG HiBM
192607,1.0874,0.9349,-0.0695,5.7168,1.962,1.4222
192608,0.703,1.23,5.3842,2.7154,2.693,6.3154
192609,-2.9117,-0.1303,-0.4374,1.4287,0.0704,-0.7967
192610,-3.8196,-4.586,-2.0112,-3.5898,-2.3398,-4.097
192611,3.1806,3.7233,2.0944,3.1292,2.8952,3.4614
192612,2.6862,1.9547,3.2639,2.9678,2.6016,2.395
192701,-0.7991,-0.4209,3.9316,-0.2621,0.0358,4.4635
192702,3.7129,6.1231,6.6192,5.0044,3.5692,8.6305
192703,-1.8324,-1.6153,-3.1676,1.3025,0.2287,-2.4764
192704,-1.5412,1.2685,3.4796,3.051,-0.7753,-0.5452
192705,5.4586,3.5902,13.3256,5.4076,5.0903,7.4921
192706,-1.5517,1.4073,-3.9474,-0.9628,-3.0138,-1.6326
192707,4.2702,5.2347,3.9846,9.2637,6.7228,7.2603
192708,2.4503,-2.2044,0.86,3.9309,1.2184,-1.9651
192709,2.2496,2.2316,0.399,5.3697,4.4213,5.9674
192710,-0.2072,-2.1458,-5.8357,-3.5889,-4.3444,-6.6219
192711,10.3238,8.062,10.2275,7.0845,6.7295,6.6346
192712,5.701,2.6016,2.4506,2.4925,1.862,3.4755
192801,3.2211,2.7804,3.5948,-0.4427,-0.416,-2.3168
192802,-4.8858,-1.7203,-4.1271,-0.6772,-1.1358,-2.7296
192803,7.3978,8.6229,9.457,12.3241,6.1,7.8254
192804,4.665,10.6845,9.9723,2.9336,5.9573,4.4979
192805,7.1742,1.954,2.574,2.575,-0.0551,0.6388
192806,-8.5829,-8.3044,-6.8294,-3.604,-4.1281,-5.4164
192807,-0.4048,-0.3636,-0.8867,1.359,0.1188,0.8312
192808,6.124,4.9813,3.699,8.7368,5.3973,6.8565
192809,5.7317,4.4758,6.1762,2.9576,1.9499,4.2317
192810,6.8299,3.1376,1.6621,1.359,1.4018,2.1979
192811,8.6705,11.1328,12.2831,11.1602,13.3096,12.9505
192812,0.9055,-0.6882,-0.6462,0.9332,0.0161,1.1879
192901,-0.034,1.85,1.448,6.5262,4.8424,2.5673
192902,0.7414,1.1026,0.382,-0.5791,0.8461,3.0915
192903,-5.9533,-3.4099,-4.0571,-1.3835,2.222,-0.1243
192904,-0.0822,2.8082,0.5004,2.2172,1.1121,2.808
192905,-10.2009,-9.4284,-12.5598,-5.7297,-4.151,-6.2127
192906,6.9673,9.3803,6.4064,12.4593,9.3568,7.4384
192907,-0.0602,-0.6367,3.8633,3.5656,6.2018,4.9529
192908,-0.7741,-0.5429,-0.4544,7.272,12.543,6.9497
192909,-4.2711,-4.2824,-3.6218,-4.4211,-4.9685,-6.3175
192910,-21.5559,-19.2947,-19.8329,-24.1865,-14.0943,-10.3723
192911,-16.1934,-9.7481,-12.3366,-14.2535,-10.9314,-7.6677
192912,-2.7485,-3.5662,-1.8488,3.3988,0.551,1.317
193001,6.0455,9.5581,8.4631,7.1735,3.3849,2.9221
193002,1.7451,1.0483,4.3779,3.4639,1.9009,1.2221
193003,8.6368,11.3525,10.7647,6.816,8.3445,5.3573
193004,-7.0717,-1.2287,-3.4814,-2.361,-1.7312,-6.6523
193005,-3.6161,-2.42,-2.9578,0.7061,-2.2694,-1.365
193006,-17.4935,-16.4711,-18.9287,-17.849,-13.1218,-11.8439
193007,6.5208,3.728,2.5801,4.4017,4.2198,5.2644
193008,-3.7646,-1.6135,-2.5297,1.1969,-0.8,-1.6232
193009,-13.6823,-14.6721,-19.1597,-12.0325,-11.7394,-17.0858
193010,-10.1007,-7.6801,-10.8088,-9.4278,-7.3264,-11.4835
193011,0.2231,-2.7838,-2.58,-2.3616,-2.8339,-6.6002
193012,-10.4113,-11.0266,-17.2599,-5.8057,-9.1776,-9.7245
193101,9.8982,11.3602,15.2875,4.717,6.9823,13.5911
193102,13.1802,11.6577,17.0806,12.8706,6.7357,12.1756
193103,-4.3393,-2.9204,-6.9895,-4.1971,-10.3577,-8.8826
193104,-12.8802,-14.0212,-18.2717,-8.8412,-11.107,-11.349
193105,-9.6516,-8.7006,-13.8529,-11.3932,-15.9343,-20.363
193106,10.1107,7.7295,20.3832,12.8509,16.1956,25.2657
193107,-8.5867,-8.9411,-5.7543,-5.1668,-10.1657,-12.4134
193108,-1.6114,-1.1797,-3.7141,0.8986,-1.5814,-0.0735
193109,-26.5722,-30.0521,-33.8737,-28.8671,-28.1826,-34.8965
193110,4.2319,9.2071,5.4616,9.5401,3.3098,11.2351
193111,-7.7335,-7.2915,-9.3774,-6.1288,-16.6228,-14.6043
193112,-13.7987,-16.5088,-22.3956,-11.5667,-18.7945,-21.0729
193201,2.4924,3.9264,10.4927,-3.4347,1.9077,6.8795
193202,-2.4754,1.9822,1.3694,7.1142,1.7082,0.6498
193203,-10.5259,-12.1366,-10.62,-10.2031,-15.1191,-14.9949
193204,-19.3072,-17.1449,-16.0307,-18.1275,-20.125,-18.773
193205,-17.1387,-24.84,-16.8918,-19.2184,-25.8978,-26.1101
193206,0.954,6.2481,0.9934,-1.711,0.0543,9.2822
193207,31.5257,36.1125,63.1945,28.1983,48.655,67.7486
193208,46.2878,55.3725,83.4957,31.3379,50.9716,62.6122
193209,-1.6614,-4.5841,-12.4928,-1.0435,-6.5249,-4.9399
193210,-15.8052,-19.645,-23.8446,-10.7558,-17.4936,-23.3789
193211,-0.4275,-8.2786,-13.1841,-2.7209,-8.9758,-16.194
193212,-6.9549,-4.2529,-11.112,6.8555,1.1781,-4.4353
193301,5.009,1.3914,8.045,-0.0131,2.9071,9.6714
193302,-17.3761,-18.4137,-20.862,-14.9526,-16.5842,-17.3652
193303,6.8621,6.1577,16.0253,0.96,9.8378,6.8707
193304,40.7625,54.8024,56.5968,33.766,51.9421,57.2289
193305,59.573,62.1965,73.3276,16.9982,26.8017,41.6305
193306,32.7005,23.3035,18.324,11.3873,15.4727,22.2102
193307,-14.1385,-12.9092,-7.2303,-8.8583,-13.0471,-9.2208
193308,10.5585,10.2007,8.2846,10.5958,15.7644,18.8615
193309,-7.6121,-13.5955,-20.857,-9.1454,-12.3456,-19.3866
193310,-8.4949,-12.5408,-14.0569,-6.1614,-10.5774,-17.7448
193311,4.4492,4.6892,6.0824,9.69,12.2601,12.6924
193312,4.7702,4.0074,0.41,2.1093,1.8364,3.3536
193401,21.5203,28.9416,38.4208,9.8669,16.8157,24.1368
193402,-0.2935,1.1685,5.14,-2.3815,-3.1078,-3.81
193403,4.7722,2.0058,-0.0115,-0.0029,-0.1293,-0.62
193404,2.8356,-1.559,-1.7852,-1.778,-2.2937,-4.616
193405,-7.3381,-10.0309,-12.0106,-6.4033,-8.5811,-13.5106
193406,3.7672,-0.0904,-2.3777,2.628,2.4903,2.8615
193407,-17.3647,-21.5042,-24.4638,-8.3133,-11.7051,-23.179
193408,10.4666,9.4125,12.1386,6.0739,4.4464,5.7691
193409,-0.7194,-0.5806,-3.5034,-0.2616,-0.1487,-0.105
193410,-0.1181,-1.638,-4.1646,-0.4198,-2.708,-7.369
193411,16.8822,15.4433,12.5204,10.2415,5.0137,10.6573
193412,4.7555,1.7554,1.5157,0.7502,0.5333,-2.2372
193501,-5.6764,-3.3988,-3.0297,-3.0068,-2.8838,-9.3128
193502,-3.0567,-4.8589,-5.9421,-0.8619,-1.6838,-12.9875
193503,-5.9877,-7.4692,-11.3472,-2.969,-3.3289,-7.7499
193504,6.8094,9.3484,10.4228,8.0309,9.8871,13.0598
193505,-2.4006,2.3317,1.7404,3.1378,4.339,3.957
193506,6.2097,5.9262,0.7396,6.3786,5.6136,8.0813
193507,9.6466,12.9004,12.8063,6.9882,6.3103,17.1148
193508,3.627,8.9747,14.248,2.5694,2.1967,3.7475
193509,5.0664,5.6733,0.6123,4.6757,0.6691,1.1198
193510,11.0819,11.1365,6.7795,6.6016,7.9624,6.0328
193511,6.8537,10.0809,18.7795,3.0389,5.6181,14.5739
193512,5.8168,10.6017,2.2376,2.9835,5.789,8.6858
193601,10.6869,7.4986,22.3938,3.2881,9.5357,12.2406
193602,2.3177,6.8787,6.8622,1.9137,2.7845,7.1039
193603,0.2531,2.4962,0.6665,2.6378,0.0635,-1.0088
193604,-14.3456,-14.1829,-15.4212,-7.1563,-8.3393,-10.2494
193605,5.0647,5.7053,8.6469,5.0578,5.1044,6.5508
193606,-2.1381,-0.3153,-1.2037,3.6325,2.1425,0.2676
193607,10.6162,7.6109,9.1117,5.9223,6.1944,12.2302
193608,0.6495,2.3128,4.2542,0.2957,0.7751,4.3352
193609,2.2001,5.0224,4.4729,0.9204,1.1017,0.4389
193610,3.7228,6.4549,6.4085,6.4131,8.8046,8.6681
193611,10.86,9.167,12.3194,3.384,3.1595,-0.494
193612,2.0887,3.4888,7.8447,-1.8229,2.3315,1.0214
193701,7.2377,7.3811,9.7396,3.6113,1.3942,6.3255
193702,3.2555,1.7107,5.7398,-0.2074,0.7979,6.9733
193703,-3.0335,-0.0671,2.1573,-1.7368,-0.2135,6.0777
193704,-10.1096,-11.6098,-13.4753,-6.8185,-6.1171,-10.7653
193705,-0.3784,-0.9887,-4.1217,0.2448,-0.7188,-2.9785
193706,-7.2258,-7.7359,-10.6078,-4.1508,-2.7127,-7.4383
193707,10.9496,9.0498,10.7965,9.2027,7.9624,10.9736
193708,-4.6506,-5.0111,-5.5952,-4.21,-4.5881,-7.7724
193709,-20.8407,-21.0548,-23.0629,-12.3496,-12.4016,-19.2657
193710,-10.805,-10.4704,-9.6555,-10.1749,-7.5734,-14.4157
193711,-11.5365,-12.04,-11.8188,-8.7393,-7.704,-8.1625
193712,-14.1024,-10.5559,-12.2871,-4.1175,-2.8797,-6.7316
193801,4.9994,6.1383,3.739,1.3091,-0.3181,-0.6467
193802,8.4176,5.7523,4.7774,6.3853,5.3777,5.995
193803,-29.9354,-29.1645,-30.2127,-23.5181,-22.4566,-30.3243
193804,22.08,20.8818,20.4977,13.8077,14.4352,15.8488
193805,-7.4731,-7.793,-5.5133,-3.5564,-3.6491,-6.0495
193806,31.2731,30.6697,27.6117,25.7265,20.9133,30.0253
193807,13.4073,14.4896,15.3633,6.7739,7.3746,9.0979
193808,-4.6028,-5.1113,-9.2856,-0.4265,-6.0369,-5.2018
193809,-1.8733,-2.5023,-2.7862,1.3521,0.629,-0.964
193810,14.0911,14.7573,16.9041,6.9335,7.1859,14.2576
193811,-5.2001,-2.6663,-5.9225,-1.1511,-2.0639,-2.8554
193812,6.0128,3.7143,1.5522,3.3432,4.5456,8.8679
193901,-8.0482,-8.9052,-10.1457,-5.225,-6.2127,-11.0569
193902,3.9084,5.0675,6.2899,3.3739,3.1053,6.8758
193903,-17.785,-18.4864,-22.8516,-9.8064,-13.6843,-21.4823
193904,-0.4839,0.1285,1.9743,-0.1313,-0.0713,-3.1673
193905,11.2711,9.0561,9.8655,6.8876,5.6277,9.3449
193906,-6.8211,-7.9144,-10.6753,-4.3922,-6.5976,-11.4469
193907,15.7584,16.6942,13.6444,11.3223,8.3215,14.0492
193908,-12.282,-11.99,-12.61,-6.314,-5.875,-10.648
193909,38.6607,39.312,54.9528,13.5766,16.4764,41.0469
193910,0.2246,-0.5808,-5.0048,0.0329,-0.7808,-4.1439
193911,-8.1312,-9.4,-13.814,-2.6144,-3.5612,-9.4969
193912,6.134,3.0222,0.3533,3.5549,2.3993,0.9465
194001,-4.2236,-2.1299,-2.7571,-2.1574,-2.3473,-5.8077
194002,4.1007,4.3854,3.1703,1.2499,1.1804,2.5597
194003,4.6739,2.8558,2.2719,2.3742,1.4532,2.1891
194004,4.9237,3.1919,4.0938,-0.1273,0.1265,0.1888
194005,-27.6739,-27.4455,-32.4414,-22.0769,-20.7063,-24.9482
194006,3.8867,5.0123,7.9865,4.9558,8.4952,8.6068
194007,4.717,4.7132,3.3227,3.3873,3.0418,3.299
194008,2.0524,3.1807,1.8886,2.1928,1.7831,3.4847
194009,5.3698,4.5102,5.2039,3.1522,1.21,1.0582
194010,4.2145,5.6688,6.2944,0.8953,6.3562,8.0971
194011,1.1473,0.5449,0.1738,-1.9212,-1.3367,-0.7062
194012,-0.8918,-1.4748,-2.2785,0.5934,1.017,0.1971
194101,-4.4429,-2.6469,-0.3066,-5.0365,-3.8489,-1.5198
194102,-3.4695,-1.7922,-2.8879,-1.5847,-1.4892,-0.389
194103,0.5236,1.1221,3.7745,0.5444,1.212,3.378
194104,-7.5563,-5.3913,-5.2001,-6.497,-4.5637,-2.035
194105,1.7628,0.6819,1.5458,0.9481,2.6345,2.3634
194106,4.1184,6.1735,8.46,6.1753,5.6174,3.0109
194107,10.4387,10.1704,18.5406,3.7262,8.1838,10.1236
194108,-1.1591,-2.1325,-0.3954,0.6862,-0.8566,-2.2697
194109,-3.0405,-1.8364,-1.9489,-0.0105,-2.1937,-1.6652
194110,-5.8203,-6.272,-6.0101,-6.0976,-3.2927,-2.6528
194111,-1.0629,-4.1817,-2.921,-2.2704,-0.5645,-1.6913
194112,-5.4399,-8.4849,-12.6548,-4.6824,-3.5964,-9.3443
194201,6.7111,10.7419,14.4866,-1.7916,0.505,10.6422
194202,0.5247,-1.1191,-1.7045,-2.3068,-2.7966,-2.3449
194203,-4.7636,-3.6838,-5.7196,-5.83,-7.5457,-6.1045
194204,-6.1855,-3.8062,-3.7407,-4.5876,-4.4955,-2.8527
194205,0.1524,2.0643,1.65,7.4477,4.9379,0.6445
194206,1.0092,1.401,2.3613,3.0527,2.6059,2.7837
194207,5.168,3.7957,5.1628,2.6633,4.3518,7.5386
194208,2.2429,2.5502,2.6755,1.7326,1.7083,4.0973
194209,2.1868,2.8304,5.723,2.6103,2.8379,3.6312
194210,8.291,7.8673,14.295,5.3199,7.8413,12.051
194211,-1.0955,-2.4173,-3.6599,1.075,0.302,-4.4676
194212,2.6024,3.9731,2.5537,4.8865,5.9094,6.0198
194301,11.6914,14.0479,23.8171,5.378,7.9273,9.6145
194302,10.8494,9.1703,17.1049,4.7964,7.0206,11.1993
194303,10.9334,11.4117,15.0374,4.1108,7.1624,11.0325
194304,-0.9484,2.6598,7.9768,-0.0896,1.2094,2.5047
194305,8.8391,8.8556,13.1774,5.0179,5.7205,7.1079
194306,-0.2795,0.8519,0.5096,2.1705,1.9597,-0.009
194307,-5.1017,-6.6844,-9.0831,-4.7635,-3.6753,-5.3886
194308,0.3567,0.0693,0.7947,1.5042,1.3067,0.2062
194309,2.9396,3.0597,5.4108,2.1982,2.7385,2.5854
194310,-0.6832,-0.3305,0.7552,-1.4439,-0.9575,0.3918
194311,-7.0715,-7.8966,-10.5743,-4.76,-6.587,-9.3114
194312,7.2024,10.5199,12.0698,5.6723,6.9326,7.259
194401,5.0015,4.6528,5.2702,0.8163,1.6193,4.8802
194402,1.3581,0.9303,0.6429,0.0507,0.7861,2.4248
194403,2.0085,3.6971,7.6668,2.2053,2.5659,3.4133
194404,-1.9868,-2.8953,-4.0867,-1.3977,-1.871,-1.5629
194405,5.8092,7.2326,7.0391,4.6074,5.0158,5.465
194406,9.3865,9.6453,10.4388,4.9317,5.1769,7.3842
194407,0.2365,-0.9389,-1.552,-1.6597,-1.4787,-0.8375
194408,4.5097,4.3583,1.8434,1.3601,1.2556,1.146
194409,1.3663,-0.2233,0.002,0.3366,-0.2562,-0.2435
194410,0.2932,0.555,-0.4807,-0.0685,0.8407,-0.0829
194411,0.6088,3.0068,3.6449,1.1705,2.2483,3.1649
194412,5.8775,6.7087,10.7627,2.4991,4.5123,9.6992
194501,5.422,5.086,4.0232,0.7586,3.039,3.4172
194502,6.6197,8.7828,10.4391,5.1485,6.1444,9.9868
194503,-4.4531,-6.385,-6.2599,-3.1945,-4.3701,-4.7147
194504,7.592,9.0353,9.9633,6.76,8.0276,10.8652
194505,2.745,2.128,4.0566,2.0112,1.0423,1.4259
194506,2.9301,2.5942,6.6739,-1.2101,0.7163,3.4995
194507,-3.0594,-3.5611,-5.4735,-1.4266,-1.8413,-4.2511
194508,7.761,7.823,4.813,8.5886,4.3161,3.0064
194509,6.563,6.7762,6.3306,4.5548,4.3932,5.634
194510,6.1752,6.6457,7.1985,2.3629,4.9134,5.6065
194511,9.342,9.7473,11.428,2.8819,5.9904,8.7155
194512,4.0814,3.1082,1.6692,1.7707,1.1538,-0.3677
194601,9.6521,8.9142,12.2513,6.0984,4.5288,8.4635
194602,-6.2301,-6.8443,-7.3297,-5.8802,-4.6835,-7.7026
194603,6.5063,5.9328,5.6932,5.1627,7.2051,4.8957
194604,4.3708,7.9091,6.3104,3.7606,5.3312,2.4607
194605,6.7327,5.0325,5.839,3.1851,3.3884,6.645
194606,-4.6884,-5.1196,-5.9474,-4.4139,-2.6636,-3.9433
194607,-4.823,-3.8418,-5.0232,-2.7259,-2.3774,-2.3882
194608,-8.496,-8.2229,-7.5082,-6.3142,-6.2065,-6.1978
194609,-13.9706,-13.4864,-15.7756,-9.7783,-8.4493,-11.8073
194610,-3.1786,-1.0714,0.7589,-2.5023,-1.7605,0.48
194611,-1.5735,-0.6742,1.3003,-0.2321,0.7647,-0.1738
194612,5.7084,4.6134,4.3376,5.2767,5.217,3.9343
194701,4.5305,2.4272,3.2753,2.1741,-0.4905,1.9613
194702,-1.2703,-0.6043,0.873,0.071,-1.3311,-1.7817
194703,-3.3564,-3.4273,-2.3985,-1.793,-1.0154,-1.5219
194704,-9.3357,-7.9219,-8.095,-5.1304,-3.6729,-4.6654
194705,-5.22,-3.9661,-3.6097,-1.1203,0.179,-2.0662
194706,4.3188,5.3287,5.0277,6.4523,4.5569,4.5555
194707,5.2344,6.3337,7.0484,3.5118,3.4853,7.3342
194708,-1.8585,-1.5408,-1.1507,-1.8587,-1.456,-2.1997
194709,0.4098,0.3595,2.6373,-0.6744,-0.6558,-0.1814
194710,3.5397,3.3029,2.9041,2.2304,2.9955,3.0043
194711,-4.4555,-3.4527,-2.5478,-2.0816,-1.4791,-1.7796
194712,0.1759,1.3771,3.0769,2.0173,3.4628,6.5408
194801,-1.7489,-2.4805,-0.1724,-4.539,-4.0364,-3.336
194802,-5.9905,-6.3838,-5.811,-4.6491,-3.6881,-4.6973
194803,6.4133,8.3056,12.234,7.8154,7.7196,11.0026
194804,1.2935,2.8029,4.686,2.2742,4.3656,7.0963
194805,9.3433,8.7069,7.4827,8.505,6.4626,7.8323
194806,-2.8594,-1.6291,0.4448,-0.6228,0.3282,1.7011
194807,-5.0394,-5.1847,-5.4277,-5.0109,-5.31,-4.3526
194808,-1.2187,-0.5006,-0.3647,0.877,-0.2112,0.5907
194809,-2.9725,-4.2029,-5.4006,-2.7272,-2.4449,-3.726
194810,4.065,4.5972,5.3752,6.4318,5.848,6.2724
194811,-9.6917,-9.6576,-12.909,-8.3439,-8.7315,-13.3862
194812,1.377,0.0153,0.1269,4.9312,2.7612,2.2947
194901,1.2533,1.9093,2.9558,0.5644,-1.0823,1.3304
194902,-5.4013,-3.964,-5.5692,-2.4792,-2.7256,-4.0374
194903,6.3941,5.6206,8.151,4.2292,3.4034,5.0451
194904,-1.6677,-2.9624,-3.3838,-2.076,-0.6601,-2.6169
194905,-3.8322,-3.6915,-5.1082,-1.8599,-3.0887,-5.3144
194906,-1.3849,-1.3227,-1.1187,1.1072,0.2508,-2.4522
194907,6.4991,7.2103,5.7109,5.2446,5.7661,6.7605
194908,3.2778,3.5448,1.9028,2.7176,2.7783,2.8453
194909,5.4115,4.1798,4.2017,2.6496,3.6203,4.3444
194910,5.086,3.4831,4.1465,3.2656,3.0499,3.2702
194911,0.4606,1.0058,0.0234,2.9316,0.178,1.4333
194912,6.939,6.5348,8.867,5.3244,3.7878,6.977
195001,7.2216,4.6563,4.6481,0.8634,1.9489,3.6975
195002,1.6427,1.9791,0.5251,1.5742,1.4739,1.0748
195003,2.4311,-1.1095,-2.0098,1.921,0.9421,0.7463
195004,5.809,5.359,7.5595,4.3505,3.0037,5.3497
195005,1.6118,2.7917,3.0283,4.6314,5.0374,4.1086
195006,-7.052,-7.861,-8.9549,-5.457,-6.334,-5.0076
195007,0.9915,3.3977,11.6038,-3.4767,4.368,13.0375
195008,4.5476,5.5421,5.0419,6.0952,4.1434,2.6001
195009,5.7172,4.8995,4.9267,5.7728,3.8597,4.4333
195010,-0.3128,-0.2319,0.3019,-0.1764,-0.4761,1.8064
195011,0.2887,2.1217,5.0141,2.4046,3.3461,4.3401
195012,5.1974,7.3812,12.476,3.3433,6.5211,10.792
195101,6.7818,7.0131,10.6312,5.162,5.3804,8.5984
195102,1.8111,1.3185,-0.2098,2.2422,1.8692,-1.4461
195103,-1.5113,-3.2701,-5.6968,-0.7124,-2.7352,-4.7251
195104,2.193,3.799,6.4513,4.4209,5.6776,6.7054
195105,-1.7383,-2.5854,-3.3139,-2.3408,-1.7963,-3.5148
195106,-3.9528,-4.7707,-7.1987,-2.1913,-1.0859,-6.4549
195107,5.3862,5.0818,6.7646,6.7108,7.0273,9.4515
195108,5.9784,5.3969,5.0422,4.2212,4.3186,4.8958
195109,2.3972,2.8739,2.7886,0.5856,0.4118,1.462
195110,-2.0489,-1.6187,-3.3423,-3.7969,-0.506,-2.0471
195111,0.3986,0.4555,0.3477,0.7789,0.6859,0.708
195112,1.1428,0.9709,0.5911,4.2486,3.6198,1.6217
195201,1.6799,1.7973,1.4297,0.4224,2.5282,3.7717
195202,-2.0438,-1.9713,-1.9656,-2.176,-2.7844,-3.476
195203,1.2554,2.2724,3.3327,4.371,4.8323,6.627
195204,-4.7813,-4.833,-4.1123,-4.652,-4.9262,-5.5171
195205,2.2833,2.0772,2.7053,3.7903,2.8315,3.4577
195206,1.6669,2.8792,3.3299,3.9018,4.167,4.7258
195207,0.9702,1.5705,-0.1746,1.2211,0.6928,1.6605
195208,0.0304,0.9596,0.2266,-0.7879,-0.473,-0.9709
195209,0.1735,-0.8012,-2.1912,-1.6986,-2.0741,-2.3742
195210,-0.7374,-1.5835,-1.9705,-0.7482,0.0374,-0.4279
195211,5.5155,5.5213,6.0762,6.2609,5.3574,7.642
195212,1.9113,1.8031,1.7299,3.1486,3.017,3.7045
195301,3.7943,3.5242,3.9666,-0.9102,-0.1896,1.5482
195302,1.3219,2.2121,1.7434,-0.2122,-0.1523,-0.8049
195303,-1.7287,-1.6985,-2.0624,-1.2085,-1.0647,-2.5659
195304,-3.0868,-2.3131,-1.0693,-2.9693,-2.5539,-1.8519
195305,0.7109,0.8933,0.7102,0.8917,0.2878,1.3513
195306,-3.1979,-3.3052,-3.9949,-1.7001,-1.3464,-1.8494
195307,0.8551,1.6284,1.5137,2.9807,2.1072,1.8914
195308,-3.2764,-5.3457,-6.3306,-3.9799,-3.886,-7.996
195309,0.0385,-0.7756,-2.2912,0.9133,0.159,-1.6369
195310,3.142,3.7472,3.0779,5.0798,4.3276,4.6582
195311,1.5292,2.0954,1.2857,3.3543,2.2177,3.2992
195312,0.2591,-1.2819,-2.7596,0.5245,0.3729,-2.0999
195401,4.7348,6.6553,8.1997,4.4649,5.787,7.85
195402,1.0862,1.4795,1.408,1.65,2.1643,0.7601
195403,2.6329,3.1775,2.1357,4.2482,3.4986,1.7485
195404,-0.2482,2.314,0.3977,5.3348,3.3957,4.0054
195405,3.9802,4.2586,5.1167,2.857,2.6224,6.6316
195406,0.5735,1.8043,1.3752,1.8563,-0.3214,1.0567
195407,5.5421,6.9774,9.1082,4.295,5.1437,8.9941
195408,-0.1185,0.1787,-0.887,-2.9947,-0.9225,-4.9917
195409,2.8897,4.7725,4.6674,6.8828,6.5579,6.4643
195410,0.5601,-0.947,-0.7137,-2.2614,-1.0345,0.3434
195411,7.0826,8.9123,9.6613,9.5778,8.1469,15.7986
195412,7.5331,9.3449,11.3905,4.2803,5.8935,11.744
195501,1.5894,1.4987,2.3861,0.0723,0.7623,3.5499
195502,3.8044,5.5378,4.6345,3.0684,2.7444,3.4022
195503,-0.778,-0.4342,0.6753,-0.2787,-0.2654,2.2127
195504,1.6264,1.3503,2.6442,4.0887,1.9671,4.4324
195505,0.5818,0.387,0.4058,1.9461,0.0676,0.1997
195506,2.1083,3.2821,3.5315,6.5865,7.438,8.8422
195507,-1.6321,0.9888,1.3932,2.6436,1.1715,0.396
195508,-0.0701,0.6057,0.2538,0.3402,0.3229,1.4474
195509,-0.7222,-0.4949,-0.321,0.0578,-0.1517,-2.299
195510,-1.4384,-0.8404,-1.1904,-2.8186,-1.9236,-3.2838
195511,5.9972,4.8499,5.2644,8.3322,4.6364,9.7196
195512,3.4725,2.3055,2.5262,1.9789,1.6877,-1.7027
195601,-2.3277,-2.0085,-1.7479,-3.6267,-1.328,-2.3554
195602,1.9377,3.6952,2.4721,4.7654,2.8185,3.46
195603,3.4322,3.788,5.2105,7.8836,5.6897,5.1985
195604,1.2824,0.8361,0.1395,0.107,1.2113,0.8141
195605,-3.398,-4.0495,-4.5641,-5.1203,-4.6358,-6.625
195606,1.0128,2.4822,1.3663,4.3047,3.2463,1.7512
195607,3.3015,3.4431,3.487,5.0843,5.2921,4.886
195608,-0.2011,-0.9125,-2.1606,-3.5294,-2.3423,-3.128
195609,-3.42,-3.031,-2.1743,-5.9388,-3.6359,-3.6675
195610,1.1063,0.9084,0.4412,0.6828,0.7704,1.3266
195611,-0.241,0.1782,2.3069,-0.3993,2.5647,0.566
195612,4.2391,2.0973,2.2399,3.8279,3.1941,1.6689
195701,-0.8313,0.1194,1.9237,-4.4525,-2.6835,-1.6214
195702,-2.6338,-3.2428,-2.6731,-1.5294,-2.0136,-3.0785
195703,2.2804,2.5866,2.3213,2.7037,1.8531,1.6876
195704,2.1887,2.3022,2.3378,5.6107,3.4013,2.603
195705,3.0621,1.2922,1.7308,4.7371,2.5855,1.8248
195706,0.0565,-1.2195,0.7464,-0.123,-1.179,-0.7468
195707,-0.6273,0.8022,0.4256,1.2811,0.5332,1.0783
195708,-4.9836,-4.3781,-5.1912,-5.4514,-3.1885,-6.0634
195709,-7.1005,-4.8467,-5.0458,-6.3295,-4.3608,-6.5429
195710,-8.1775,-5.5761,-8.2617,-3.771,-3.3989,-7.2925
195711,3.2423,1.4767,1.0946,3.0955,2.0244,-0.5021
195712,-4.601,-4.6138,-5.8678,-3.9214,-2.3379,-5.8875
195801,12.2097,10.4827,11.9178,3.3984,5.9799,12.0687
195802,-1.6496,-0.5624,-0.5017,-1.8071,-0.5644,-2.2917
195803,5.0565,3.7888,3.1135,3.4064,3.1873,3.4058
195804,2.948,1.8574,4.3224,3.332,2.4815,5.1872
195805,6.4635,4.1389,4.2645,2.0583,2.6063,3.7347
195806,2.1201,3.2153,2.991,3.1465,2.6654,3.0753
195807,4.2272,5.9423,7.2088,4.3856,3.951,7.609
195808,4.3354,3.0119,3.2656,1.7085,1.8355,3.5333
195809,5.5017,4.3382,7.8041,4.7619,4.3231,8.1716
195810,6.9335,2.8276,2.9487,2.607,2.722,4.1345
195811,7.6723,4.1695,4.0538,3.3185,2.1258,4.5387
195812,2.7461,3.1685,3.8453,4.975,6.9365,3.9448
195901,4.4917,5.0998,5.6584,-0.6209,2.7242,4.0781
195902,2.3973,3.5251,2.8988,0.4613,1.7257,2.2671
195903,1.606,1.6795,1.728,0.7407,-0.1234,-0.0759
195904,3.777,3.4656,2.133,4.7089,2.5866,3.8935
195905,-1.407,0.4785,1.3712,2.7434,0.5848,3.5877
195906,1.7232,0.5854,1.8278,-0.3827,0.3588,2.1358
195907,2.1952,2.7946,3.5675,3.9908,2.3925,3.0828
195908,-1.8317,-1.2365,-1.9708,-1.3549,-1.0047,-0.3839
195909,-5.3951,-4.4816,-4.0152,-5.0254,-3.2634,-5.3237
195910,3.9778,2.5273,1.1803,1.4464,1.7512,0.1319
195911,3.8377,1.9883,0.6327,3.0126,-0.102,-0.1725
195912,3.426,2.3697,2.1182,2.9781,2.5116,4.16
196001,-5.8167,-3.1708,-2.967,-8.2071,-4.3931,-5.5931
196002,2.0494,1.358,0.6432,1.3139,2.2903,-1.0929
196003,-2.2401,-2.4579,-3.7901,-0.8789,-1.0768,-5.0967
196004,0.1366,-2.1491,-2.9431,-1.5721,-1.3525,-3.0143
196005,5.2614,1.7041,2.5531,4.31,1.8242,-0.2716
196006,2.3744,2.4219,1.7199,2.5669,1.7271,2.7993
196007,-3.2061,-1.8709,-1.4318,-3.4829,-0.2883,-1.329
196008,4.1735,3.3948,4.1669,2.7436,4.1422,2.3076
196009,-7.6558,-5.917,-6.0058,-6.7427,-4.3629,-5.1993
196010,-6.7183,-2.4412,-2.762,-0.6068,-0.0356,0.9197
196011,6.5493,4.8418,3.1327,5.4217,4.0096,3.9824
196012,4.1529,3.4972,2.4035,3.5605,7.3672,3.7117
196101,7.4118,7.8503,9.6199,4.9281,7.7428,10.0509
196102,7.771,6.4365,7.3587,4.015,2.6082,3.1311
196103,7.362,4.9387,5.9946,2.1809,4.0635,2.0627
196104,1.136,0.0176,2.3956,-0.3037,1.1023,2.5359
196105,3.5699,5.0569,4.8259,3.1983,1.4829,2.7989
196106,-5.8585,-4.4798,-5.5313,-2.2743,-3.2112,-2.9471
196107,-0.3326,1.2461,1.3313,3.1388,3.5294,1.1069
196108,0.742,0.3556,1.1012,3.2115,1.9705,2.3178
196109,-4.6634,-3.1595,-3.3019,-1.1508,-3.0405,-3.7848
196110,1.1412,3.2762,0.2788,2.2902,3.8867,3.1343
196111,6.4373,5.7709,4.7062,4.8577,4.1623,4.2425
196112,-1.3803,0.2319,0.3555,-0.218,0.3326,1.7876
196201,-2.5207,-0.8629,2.2592,-5.0023,-1.9313,0.3601
196202,0.5921,0.7314,1.7967,1.8704,2.3611,2.4867
196203,0.2936,-1.1191,-0.5598,-0.3614,-0.2984,-2.1742
196204,-6.3485,-7.2753,-6.8347,-6.6388,-5.6258,-6.1186
196205,-12.3171,-10.305,-9.5501,-9.0689,-6.82,-6.2218
196206,-9.8924,-7.5294,-7.059,-9.0171,-6.9365,-6.6481
196207,9.2969,5.8483,6.5235,7.8541,5.4297,3.4812
196208,4.6324,3.4858,2.4701,2.7432,1.6052,2.494
196209,-8.2156,-7.0601,-6.2402,-5.0105,-4.7646,-4.314
196210,-5.0798,-3.2039,-2.1041,0.5869,0.734,0.3196
196211,14.8701,13.5852,14.4064,11.3618,9.9243,13.8057
196212,-3.5888,-1.4111,-2.198,1.5339,1.831,0.8372
196301,7.7548,8.1442,9.8473,4.949,4.2451,7.2031
196302,-2.6231,-1.4924,-0.0273,-2.797,-1.734,-0.9838
196303,0.2881,1.688,2.4157,3.4181,3.3259,5.0932
196304,3.6213,2.8403,4.8296,4.9945,4.5621,5.7941
196305,1.6457,3.2494,5.4338,2.2564,1.1912,3.682
196306,-1.3195,-1.9307,-1.7724,-2.3201,-1.5111,-0.332
196307,-0.996,-0.5305,-1.2133,-0.0358,0.4787,-1.6071
196308,4.5361,4.4787,5.8278,5.3885,4.6808,7.4534
196309,-3.0338,-0.5844,-2.0654,-1.0612,-1.6934,-1.8774
196310,1.2001,1.5407,2.7227,3.8456,1.2527,2.0482
196311,-2.9288,-1.3814,-0.2255,-0.2473,-1.4577,0.675
196312,0.26,0.2395,0.2249,2.0416,3.0881,1.9226
196401,0.8461,2.8463,3.8731,2.6847,2.7179,2.5931
196402,1.5955,2.2429,4.0663,1.4276,1.6489,4.4435
196403,0.5705,3.9977,5.2998,0.9259,3.0422,2.9257
196404,-1.7606,-0.4599,-1.507,0.4182,1.1633,-0.9867
196405,0.9717,1.1695,2.0454,1.5128,1.169,4.0706
196406,1.3983,1.5607,2.0269,1.6681,1.3083,2.304
196407,1.5138,3.0037,2.6263,1.9299,2.2303,2.3212
196408,-1.4974,-0.2216,-1.2129,-1.2341,-0.8491,-1.3608
196409,3.3709,2.949,3.5648,2.3822,3.5222,5.5787
196410,1.1,1.4516,2.341,0.2758,1.9005,1.3829
196411,-0.1715,-0.1802,0.0818,0.4912,0.856,-3.681
196412,0.3628,-0.9354,-1.5316,1.1149,-0.1831,-1.9539
196501,7.0003,5.697,6.6399,3.9591,2.7245,4.5649
196502,3.7212,3.4095,4.3507,0.601,0.0937,0.1864
196503,0.8913,0.7553,1.5186,-1.1241,-1.6558,0.314
196504,3.1183,4.3218,5.2843,3.8016,2.5189,2.9536
196505,-0.1126,-0.6543,-1.3166,-0.2667,0.0613,-2.2744
196506,-9.9226,-8.8489,-8.5618,-4.5515,-5.0034,-4.727
196507,2.5343,3.1782,4.0146,1.34,1.6397,4.1477
196508,6.6748,4.982,5.0285,2.9095,2.7816,2.5062
196509,3.8878,3.7607,3.853,3.786,2.2074,3.582
196510,5.94,5.4498,6.4096,2.8123,1.9153,5.4788
196511,4.0891,4.8552,4.5642,-0.006,-0.1518,-0.2821
196512,3.8683,3.434,4.6865,0.8405,0.9057,4.07
196601,4.2715,5.6298,6.8992,-0.1762,1.1949,4.2658
196602,3.6831,3.1051,3.2816,-1.6146,-0.8257,-0.6362
196603,-0.4142,-2.8906,-1.9646,-1.554,-2.6583,-4.0079
196604,5.6814,4.7198,5.6465,2.4635,1.7878,1.5523
196605,-9.941,-9.8818,-10.3347,-4.2114,-5.0973,-7.043
196606,0.8279,0.0978,-0.0262,-1.9941,-0.064,-0.1546
196607,-2.2126,-1.7571,-0.7253,-1.6567,-0.5805,-1.1721
196608,-11.1015,-9.89,-10.4613,-7.6272,-6.5726,-7.3849
196609,-1.9699,-0.998,-1.4373,-1.002,0.2183,-0.5054
196610,-3.5818,-0.2089,-0.1082,3.3099,7.1624,5.1947
196611,7.8872,4.7615,2.5953,3.6889,-0.9311,-0.5612
196612,3.6193,2.7455,0.776,-0.3686,1.4097,-0.1645
196701,17.8162,16.361,17.5779,7.9015,6.3284,12.6306
196702,4.6133,3.0368,3.1274,1.9855,-0.3131,-0.8887
196703,5.6329,6.473,5.5746,4.3208,3.6502,5.461
196704,5.4832,3.8909,3.444,6.0028,1.8254,3.1401
196705,-1.9259,-1.2341,-2.3001,-4.9431,-3.731,-2.1994
196706,9.6283,7.9707,8.2027,1.465,2.0147,4.5906
196707,6.9874,7.6697,10.1848,4.9128,3.4852,7.1589
196708,-0.5303,0.895,0.4899,-0.7396,-0.8687,1.2823
196709,6.809,5.35,4.5931,3.8175,2.685,1.1836
196710,-1.0288,-2.2326,-3.4434,-1.4997,-3.8137,-5.5307
196711,1.2622,1.381,-0.9142,1.0948,0.259,-0.1158
196712,11.1299,7.5506,8.047,2.1412,3.3003,3.9599
196801,-1.4618,0.7478,3.5094,-6.1553,-1.2683,-1.4482
196802,-7.5224,-5.1642,-4.8879,-3.3058,-2.1123,-3.2872
196803,-0.7583,-1.2447,-0.4847,1.825,-0.6423,0.3676
196804,17.2511,14.2517,13.1281,10.2248,5.4191,12.0022
196805,9.936,8.3112,8.7778,2.4397,0.1848,4.9254
196806,-0.458,1.4128,1.5605,0.0013,3.6198,-0.3486
196807,-5.6047,-2.5794,0.2387,-4.5169,0.2609,0.4257
196808,3.9146,3.4279,4.6678,1.1224,1.555,2.3686
196809,7.4185,6.915,6.5425,3.3287,4.313,4.7982
196810,-0.5614,2.1012,1.3332,-0.6203,1.7221,3.2012
196811,8.5717,8.3054,6.7563,5.5073,5.5461,5.4563
196812,0.3302,-0.5255,-1.0953,-4.8652,-3.1503,-3.464
196901,-1.8141,-1.0575,-0.7065,-1.8167,0.0786,0.4262
196902,-10.3301,-8.2317,-7.4858,-3.952,-5.2972,-4.991
196903,3.1033,2.1973,3.1831,3.8919,2.6025,2.7814
196904,0.835,1.9339,1.1374,3.2394,0.395,2.8839
196905,-0.2338,0.9396,0.0718,-0.1839,0.6886,0.9414
196906,-12.2122,-11.3601,-10.9413,-3.4067,-8.0267,-6.8567
196907,-11.1621,-9.3695,-7.4547,-4.7312,-7.5258,-6.0828
196908,7.3011,5.2357,3.8462,6.7222,4.3476,2.6459
196909,-0.5992,-2.1395,-2.775,-0.5678,-3.5807,-4.7781
196910,10.8634,8.0919,7.2631,6.3182,4.5692,3.7212
196911,-5.4328,-5.2864,-6.4182,-2.0775,-3.8192,-3.5055
196912,-5.1589,-5.766,-6.3771,0.1032,-1.8863,-4.3616
197001,-6.0242,-5.173,-2.249,-8.0947,-8.5649,-5.624
197002,2.6,3.309,6.2027,3.8076,7.9325,8.0565
197003,-5.068,-1.0996,0.0799,-1.7459,1.4765,1.0942
197004,-20.6013,-14.0228,-11.2613,-10.5104,-9.5017,-7.5195
197005,-11.0993,-10.6742,-8.0708,-7.8106,-4.1609,-4.2061
197006,-8.7024,-7.2371,-6.0383,-5.4616,-3.177,-6.9337
197007,7.6004,6.983,6.7196,5.2034,9.7129,7.8949
197008,6.124,6.9036,6.8968,4.1249,5.3121,5.8857
197009,17.0959,10.6736,9.3906,7.201,0.3237,3.8662
197010,-6.7082,-7.0173,-4.0794,-0.6637,-1.6213,-2.8685
197011,0.5113,2.1288,2.6342,5.093,5.649,6.3668
197012,7.7683,9.6611,9.306,5.3845,6.748,5.8366
197101,10.4614,12.6232,12.8227,4.6644,3.8389,5.2684
197102,4.5227,3.5028,2.3011,2.3764,0.3195,2.0632
197103,8.9358,5.2084,4.6492,5.8231,3.0881,2.0489
197104,3.0747,3.6357,3.4986,3.9165,2.5978,5.1225
197105,-4.0241,-5.565,-5.057,-2.7531,-4.2248,-4.5471
197106,0.2361,-1.378,-2.4004,1.1456,-0.1511,-0.1057
197107,-6.6487,-4.4178,-5.9364,-4.12,-3.5146,-4.8528
197108,4.3212,3.8297,6.6036,5.4943,1.2035,8.4974
197109,0.9006,-0.7354,-2.025,0.3621,-1.2186,-2.5404
197110,-5.9435,-4.4037,-6.5388,-3.903,-3.5016,-4.2661
197111,-2.9587,-2.2784,-4.0532,0.8546,-0.3557,-1.4546
197112,13.4551,11.1997,12.0611,8.9589,8.4368,9.5381
197201,8.4904,6.8194,10.5099,2.6593,0.3564,5.1735
197202,4.6709,3.113,2.7065,4.5391,1.0451,0.9656
197203,1.5779,-0.1336,-0.4621,2.1897,-1.3698,0.9762
197204,0.57,1.2482,0.4271,0.7895,0.1041,1.1241
197205,-1.7869,-1.3621,-2.7366,2.9429,0.8957,-1.549
197206,-3.4413,-2.7928,-3.1907,-1.069,-2.7726,-6.3011
197207,-5.0838,-3.2185,-2.0216,0.5997,-1.1781,-1.1332
197208,-0.7356,1.9415,2.5455,1.4867,7.0849,7.2568
197209,-3.417,-2.6941,-3.1707,-0.4838,-1.0641,0.2109
197210,-2.5817,-0.1599,-1.0162,0.5178,2.2687,1.6455
197211,3.4165,5.8305,6.3656,2.9687,6.5446,9.6877
197212,-1.1729,-1.0782,-2.3004,2.6574,-0.7657,-0.5868
197301,-7.8731,-5.1449,-3.6856,-2.6064,-2.1978,-1.4416
197302,-10.9388,-7.6725,-5.8766,-3.0484,-4.9269,-4.9156
197303,-3.9916,-2.698,-1.2382,-1.2331,0.5039,1.2628
197304,-11.1437,-5.4038,-4.9955,-6.0701,-2.5391,-1.3817
197305,-10.6263,-7.199,-7.3584,-0.8841,-2.0746,-3.3242
197306,-5.0615,-2.9215,-2.6949,-0.8934,-0.3405,-0.8809
197307,18.2594,10.2456,9.0944,6.4177,2.2193,5.0575
197308,-3.874,-5.2957,-4.0378,-3.2442,-2.931,-0.9693
197309,10.9389,9.7333,8.5459,2.2416,9.0724,9.1089
197310,-2.3334,0.1687,0.8485,-0.1379,-0.2175,-0.1285
197311,-22.5525,-17.8025,-16.228,-12.4911,-10.0773,-10.8456
197312,-2.2118,-2.2632,-1.4183,-1.182,5.4955,5.9063
197401,7.3871,10.2162,13.8461,-1.0374,-1.1632,4.4954
197402,0.0323,0.4363,1.8631,-1.0584,1.3454,2.1016
197403,-0.4002,-0.6212,0.4842,-1.7153,-3.4973,-2.8381
197404,-6.247,-5.9073,-3.6342,-3.3996,-5.9165,-4.2638
197405,-7.0689,-8.0269,-6.8701,-1.8374,-5.0881,-6.1736
197406,-3.1061,-2.607,-1.119,-2.0845,-1.7507,-2.4897
197407,-6.7594,-4.2392,-2.9998,-9.3548,-4.3976,-2.7774
197408,-9.6736,-7.9848,-7.3539,-10.0716,-5.6575,-7.1175
197409,-11.8607,-7.0485,-7.3086,-13.7981,-6.0664,-7.1654
197410,14.4293,7.5767,8.0211,21.2428,11.2691,7.8997
197411,-5.159,-4.3328,-5.5397,-3.9653,-3.4391,-3.9793
197412,-7.2456,-5.5512,-7.6673,-3.2769,-0.0737,-2.6375
197501,24.8275,26.7238,30.6945,10.6111,16.9219,21.2771
197502,6.6154,3.1834,3.782,8.1743,2.8029,2.1213
197503,7.7789,6.887,8.3309,2.941,1.5594,7.1633
197504,6.4573,3.2037,3.1213,5.7623,2.1498,6.8476
197505,10.3246,6.7993,6.8832,5.7078,5.8337,0.9427
197506,6.9902,7.4493,6.4145,4.2437,6.4069,7.6177
197507,-2.9921,-2.3805,-2.5547,-7.4851,-4.0001,-4.543
197508,-4.6391,-4.275,-6.6767,-2.1928,-1.6505,-2.0301
197509,-4.0116,-3.4447,-3.3604,-3.9917,-2.7268,-3.7902
197510,1.3529,3.4991,1.956,6.5434,5.8241,6.4848
197511,1.221,2.3689,3.8162,2.9993,3.5453,4.5056
197512,-1.4989,-0.3984,-0.8567,-1.7778,0.3741,0.9543
197601,14.9242,18.5331,24.6239,10.884,14.5348,18.3284
197602,6.658,7.253,12.3365,-1.3254,1.8124,4.635
197603,1.333,1.4502,1.8364,2.9741,2.9399,2.2491
197604,-1.0072,-0.9976,-1.2943,-1.621,0.2744,-1.6193
197605,-0.8109,-2.0377,-3.6037,-0.6358,-1.5789,-0.5348
197606,3.9466,3.7082,3.8285,4.3724,5.1407,5.878
197607,-1.1302,0.6951,0.7167,-1.2322,0.2503,0.3881
197608,-3.4817,-1.3181,-1.3246,-0.3685,1.1663,-0.9139
197609,3.5291,2.4603,2.2499,2.206,3.2014,2.8993
197610,-2.6845,-1.4952,-2.0667,-2.3694,-1.1884,-3.3552
197611,3.6479,3.1829,3.9432,-0.6832,2.4594,2.0466
197612,9.6062,9.4903,10.1071,4.7254,6.616,8.7706
197701,0.721,2.2506,3.0991,-6.3823,-1.6145,-0.2155
197702,-1.0278,-1.1013,0.0031,-1.8193,-1.5114,-1.918
197703,0.2647,0.6751,0.2314,-1.7071,-0.6237,0.4974
197704,1.1441,1.2642,2.4533,-1.1247,2.0353,4.3186
197705,-0.7264,0.0597,0.6382,-1.9168,-0.071,-1.5795
197706,7.4918,6.2148,6.8343,5.6656,3.7481,4.8443
197707,0.1123,0.0499,0.5731,-1.5588,-1.033,-3.155
197708,0.7607,-0.9081,-1.52,0.2495,-3.4331,-2.9398
197709,1.4959,1.5871,0.557,-0.7059,1.038,-0.6902
197710,-3.9562,-2.1312,-1.5739,-4.4278,-3.7881,-3.1847
197711,8.3539,7.5136,8.0572,4.0768,3.8351,4.8404
197712,3.1208,1.4542,1.5593,0.1735,0.8685,1.1438
197801,-4.6778,-2.8963,-1.1324,-6.4466,-5.6977,-3.2682
197802,1.6302,2.5792,2.4695,-2.6288,0.3508,-1.8122
197803,6.4492,6.6687,7.0977,2.2355,3.6135,3.9137
197804,9.9575,7.6048,7.1503,11.0834,5.557,6.7563
197805,7.0761,5.8212,5.8765,1.9154,1.1175,2.0615
197806,-0.9738,1.1073,0.3689,-1.3715,-1.5437,-1.5694
197807,7.0201,4.9712,5.7853,6.9001,4.2183,5.9214
197808,8.2351,8.2732,8.7076,3.6598,4.3235,2.0514
197809,-1.8909,-0.4004,-0.6268,-2.5211,0.9446,-0.0583
197810,-23.1131,-18.4445,-18.6611,-9.8891,-9.09,-11.5666
197811,8.8003,4.981,4.3691,2.8717,3.2474,3.0173
197812,3.0802,1.9232,1.9966,2.7878,0.7254,-0.3788
197901,8.5557,7.9354,9.6098,3.3901,5.1179,6.7362
197902,-3.4551,-2.2343,-1.9317,-3.6337,-2.4627,-2.8845
197903,11.7077,8.4175,8.5269,5.8023,5.6663,7.5245
197904,1.6374,2.9512,3.3396,0.1997,0.5327,0.6573
197905,-2.6131,-0.7384,-0.4841,-1.8331,-1.2633,-1.3239
197906,5.7368,5.9349,6.0916,3.2243,5.4251,5.6467
197907,1.9209,4.023,3.2321,0.5951,1.7378,2.9998
197908,9.0414,7.4283,7.3512,6.8305,5.4674,5.3664
197909,0.8031,-1.0982,-1.0896,-0.8271,0.9897,-0.7272
197910,-9.2505,-10.5463,-11.4304,-6.7367,-6.1019,-8.2708
197911,10.9906,6.9552,6.8293,6.463,5.6336,4.0643
197912,8.2142,5.1683,5.1428,3.0248,1.1064,1.8921
198001,7.9452,7.649,8.5102,4.9399,6.4312,7.8701
198002,-0.3848,-2.9529,-2.6733,-3.063,2.1593,0.445
198003,-19.3301,-16.04,-17.3869,-9.0773,-10.717,-13.036
198004,6.233,6.4092,6.0035,3.7499,5.5976,6.1397
198005,8.0731,7.9005,8.0928,5.7433,5.4544,6.4795
198006,5.2048,4.4135,4.3188,3.0507,3.4963,2.4152
198007,13.2883,9.522,7.0754,9.3723,5.3154,2.77
198008,8.5027,4.8835,3.6359,2.1108,1.3643,1.7611
198009,5.2373,2.9382,1.0864,4.0434,3.2641,-0.9699
198010,5.9114,2.3173,3.0667,1.8038,2.9265,-0.9246
198011,12.6739,4.3981,2.6728,11.5462,13.3847,4.8858
198012,-5.3599,-1.7816,-1.2148,-2.1695,-4.6795,-0.7354
198101,-3.769,0.7707,2.114,-5.906,-5.3719,1.6425
198102,-0.7145,2.3287,2.7761,2.7916,1.2764,1.3483
198103,7.6888,7.9732,7.6879,3.9242,3.6089,5.2103
198104,2.5198,3.578,3.8073,-2.2007,-2.1678,1.0691
198105,4.9505,2.9137,1.6988,0.8188,-0.491,3.2259
198106,-5.7292,0.7184,1.423,-3.164,2.1176,-0.055
198107,-2.9153,-2.4259,-1.5624,1.2905,-0.61,-1.037
198108,-9.8873,-6.0489,-4.6559,-6.8246,-5.4665,-2.4762
198109,-10.2091,-6.5901,-4.9377,-6.43,-6.0109,-1.3539
198110,10.6021,6.6901,5.8258,8.0684,3.9254,4.4261
198111,0.8364,4.9654,4.5753,4.2079,5.091,4.1649
198112,-2.403,-0.904,-1.4334,-3.1337,-2.7394,-2.4558
198201,-4.874,-3.2996,-0.852,-1.9213,-3.7209,0.4466
198202,-7.4251,-3.1209,-0.7432,-7.3158,-3.4111,-1.896
198203,-2.2839,-0.4415,1.5239,-1.9474,-0.5311,1.8964
198204,6.3559,5.7404,4.1298,5.7382,3.5294,2.5601
198205,-3.4471,-2.3195,-0.9382,-3.4853,-2.3037,-2.4807
198206,-3.6061,-1.6422,-1.3094,-2.5237,-1.125,-1.7167
198207,-2.2949,-0.6128,-1.0541,-0.6321,-4.1228,-1.6917
198208,8.2181,8.9004,8.0868,11.3549,12.8785,13.3486
198209,2.7919,4.7395,5.2826,1.9677,1.9506,0.0139
198210,15.9067,13.1664,11.6897,12.8223,11.207,9.6909
198211,9.7667,8.5377,9.2052,7.1074,2.4494,3.9592
198212,1.2085,1.1352,0.7607,1.1439,1.1039,1.607
198301,9.5264,5.5702,4.9441,2.7371,3.2803,5.8897
198302,4.3412,6.6159,7.1597,3.6502,2.4065,2.2234
198303,2.6019,6.4218,6.1274,2.5098,4.417,3.0031
198304,7.9339,7.8423,7.528,5.7019,9.0128,7.1267
198305,8.0452,5.4316,5.1015,-0.1802,0.0474,-0.0677
198306,5.7616,4.3136,2.4487,5.2798,3.6074,0.7795
198307,-5.8401,-0.0253,1.3215,-5.1992,-2.7054,-1.1172
198308,-4.7614,-2.8448,-0.3012,-1.3157,0.9129,5.3061
198309,0.2055,2.5218,3.9532,2.5203,1.5168,0.7962
198310,-8.9527,-4.3551,-2.2227,-3.5916,-0.8531,-0.3816
198311,4.7559,4.2678,4.3169,2.9207,2.4648,1.8982
198312,-3.1809,-0.4298,0.2061,-0.7592,-1.0918,-0.7483
198401,-4.1466,-0.2356,2.0887,-5.3338,0.5845,3.5786
198402,-6.9905,-4.9988,-3.546,-4.7731,-4.1443,-1.5404
198403,0.1534,1.4374,2.2633,1.6284,1.5686,0.4532
198404,-1.0671,-0.028,-0.0242,0.3971,0.2126,1.7378
198405,-5.9245,-4.8489,-4.2844,-4.8267,-4.5585,-5.8813
198406,4.5375,2.1484,1.0125,4.4189,1.5682,2.6305
198407,-5.4565,-2.9547,-3.3452,-0.9788,-1.7362,-2.4247
198408,13.4829,10.2522,9.4694,11.1278,11.2758,11.5342
198409,-2.7258,1.3963,2.1988,-2.3665,-0.4688,3.1757
198410,-2.1886,-0.3585,-0.0316,0.7219,0.8805,-0.4878
198411,-4.4915,-0.348,0.4075,-2.2374,-1.2488,0.9485
198412,2.1468,1.6745,2.0874,2.6805,2.6749,2.2333
198501,14.9801,10.0273,8.8114,10.143,8.1161,5.6513
198502,2.9378,2.8684,1.7807,1.3003,1.6478,2.2503
198503,-3.2432,-1.175,1.4208,-1.3113,-0.6531,2.1668
198504,-2.0286,0.0729,1.7263,-1.7843,-0.8027,1.8992
198505,4.2871,4.0848,3.319,6.1365,7.0011,5.2282
198506,1.5322,2.5151,2.4778,1.4675,1.9056,1.4659
198507,2.713,2.4466,1.1939,0.2217,-0.9461,-1.462
198508,-2.0215,0.12,0.2228,-1.4907,-0.0969,0.8297
198509,-7.2192,-4.3661,-4.1289,-3.8632,-2.7279,-4.3669
198510,3.2872,3.7371,3.3851,4.0949,5.342,5.5001
198511,7.7856,7.033,6.3811,9.0429,6.6351,4.7599
198512,4.8833,4.2172,3.1702,5.7737,3.6032,4.4138
198601,2.3768,1.5184,2.528,0.8049,0.4672,1.5308
198602,7.2854,7.3527,6.8626,8.0072,8.2751,6.8955
198603,4.1459,5.232,5.2918,6.255,5.7855,4.3668
198604,2.2826,1.0481,0.4631,0.5808,-1.8171,-3.3166
198605,3.3482,5.3664,3.2877,5.4491,5.5183,5.0823
198606,-0.0369,0.887,1.8492,1.8578,1.1262,2.5744
198607,-10.5776,-8.7108,-5.7929,-7.2455,-5.1365,-2.632
198608,2.243,3.5642,4.4262,4.6183,8.6552,9.4572
198609,-8.1714,-4.7631,-4.6913,-10.181,-7.3139,-7.2174
198610,4.3978,2.8904,1.7426,5.686,5.3335,5.5064
198611,0.0342,-0.6002,0.5165,2.1265,2.0508,1.501
198612,-3.0719,-3.0289,-1.8485,-2.381,-3.0977,-2.8754
198701,12.6452,10.9877,9.2413,13.9515,13.3172,11.0334
198702,9.5106,6.8593,5.094,7.4353,3.5305,0.0263
198703,1.3769,2.8899,3.663,1.6836,2.276,2.6132
198704,-2.6291,-3.0404,-3.6852,-1.7917,-0.984,-1.5187
198705,-0.3112,-0.1412,0.8036,1.3297,-0.1646,0.6845
198706,1.5427,3.2447,3.608,4.6957,5.3585,4.7076
198707,2.1488,3.2742,5.3613,5.5219,3.4789,3.7775
198708,2.8694,3.7374,3.0105,4.7692,4.4276,2.7247
198709,-2.5447,-1.2787,-1.3287,-1.9644,-2.2872,-2.5737
198710,-32.4826,-27.8547,-27.7992,-23.2158,-20.2878,-19.4368
198711,-6.5833,-3.927,-3.5789,-8.7104,-7.8292,-5.7944
198712,9.2141,7.011,4.6357,9.1347,6.4273,4.9289
198801,2.2327,4.8457,6.2074,2.0283,5.587,7.9523
198802,8.4889,7.988,7.0932,5.4343,4.658,3.459
198803,3.6296,3.9912,3.2012,-3.128,-3.2518,-1.2251
198804,1.4285,1.9746,2.5019,-0.6415,2.0657,1.5523
198805,-3.0098,-1.7853,-0.2824,0.0176,0.6132,2.1241
198806,7.7913,6.8026,6.2757,4.9039,5.6904,3.975
198807,-2.2938,-0.3538,0.2591,-1.5458,-0.3123,0.2409
198808,-4.1042,-1.7503,-1.4296,-2.9114,-3.1135,-1.3904
198809,2.6177,3.0781,2.6185,5.1356,3.4364,3.6418
198810,-2.0106,-0.1212,0.5977,2.2575,1.9346,3.0263
198811,-3.8453,-2.6292,-2.5447,-1.6768,-1.8413,-0.37
198812,4.0977,4.0057,2.9222,2.7866,1.5933,0.7467
198901,4.1976,4.386,5.4197,7.042,6.5521,7.0682
198902,0.4911,0.8631,1.3466,-2.3362,-2.0714,-1.3377
198903,2.4635,2.9,3.4395,2.5074,1.6617,2.621
198904,4.6473,4.4681,3.7455,5.9807,4.8365,4.084
198905,4.6937,3.6744,3.8004,4.8216,3.5,3.9835
198906,-3.1624,-0.7634,-0.0802,-0.9504,-0.4147,0.4305
198907,4.2672,4.1038,3.3676,10.8754,7.1364,6.2049
198908,2.7883,2.7361,2.6094,1.0698,2.9533,2.4445
198909,1.431,-0.011,-0.7574,0.4919,-0.9273,0.1494
198910,-5.0461,-5.7781,-6.3635,-1.3426,-3.8634,-2.2476
198911,0.7439,0.7235,-0.1227,2.3285,1.7137,1.0186
198912,0.215,-0.4921,-0.2315,1.6916,2.4469,2.4613
199001,-9.2469,-7.7873,-7.8832,-7.6131,-6.2944,-7.2709
199002,3.1973,2.6637,2.2005,0.3535,2.1601,2.6296
199003,4.297,3.8206,2.2333,4.1381,1.4617,0.3616
199004,-2.7212,-3.1291,-4.3624,-0.9445,-3.4388,-4.4877
199005,8.4807,6.5515,4.253,10.835,8.7269,7.3981
199006,1.0426,0.3432,0,1.2711,-2.4262,-1.5455
199007,-4.4892,-3.5742,-4.2566,-1.3627,-0.0265,-1.6679
199008,-14.7038,-12.3396,-11.3294,-9.7916,-7.9307,-9.9623
199009,-10.2181,-8.3281,-8.389,-5.752,-3.8177,-6.367
199010,-5.8178,-5.4784,-6.1381,0.4436,-2.0491,0.7665
199011,8.9228,6.5842,5.2113,7.3852,6.8477,5.1477
199012,4.2093,3.5781,2.8472,3.8042,2.4688,1.9115
199101,9.3511,8.2238,8.004,6.3014,3.2812,4.5144
199102,11.7918,10.3291,11.2969,7.8729,6.4842,7.1044
199103,7.7166,5.2312,6.6366,4.1435,1.1126,2.6313
199104,-0.6895,1.4299,1.6069,-0.2682,0.8211,0.3398
199105,4.3297,4.7602,2.7107,4.6669,3.0193,5.3121
199106,-5.1907,-3.1479,-4.19,-4.8608,-4.3898,-3.7232
199107,4.3177,3.4339,3.0346,5.4089,4.0551,4.0615
199108,4.4411,3.0135,4.347,3.3619,1.783,1.901
199109,1.3068,0.5896,-1.0642,-2.196,0.0668,-1.9731
199110,3.0285,2.6077,1.7781,1.5034,1.6451,1.8307
199111,-4.8857,-3.6647,-5.5897,-2.4953,-4.5998,-5.5511
199112,10.3956,6.7311,7.4208,14.4718,7.7159,9.0896
199201,7.4541,7.4676,10.6783,-2.2597,-1.4328,3.9161
199202,0.7379,2.754,7.1315,0.334,0.8074,6.8765
199203,-6.2269,-1.2349,-0.7799,-2.7594,-1.2619,-1.1011
199204,-5.4728,-2.4997,-0.9198,0.1276,4.9427,4.2205
199205,-0.7365,1.0297,2.3897,0.8797,0.4486,0.1317
199206,-6.1483,-3.2241,-2.7792,-2.4875,-1.0855,0.6397
199207,2.6709,3.245,3.7108,4.3554,4.5838,2.2201
199208,-4.299,-1.4673,-2.755,-1.1168,-2.1676,-4.8301
199209,1.3782,2.4165,1.3751,1.6213,0.9192,1.1553
199210,4.4966,2.4181,1.9164,2.3864,-0.8455,1.0043
199211,9.734,6.4789,6.8844,4.579,2.5466,4.5884
199212,2.5464,3.6321,5.0856,0.7047,2.0747,3.4716
199301,1.0733,4.0821,6.3601,-1.0973,1.5642,5.5072
199302,-6.5349,-0.036,0.9465,-2.312,4.075,3.0957
199303,2.0515,2.8459,3.4106,1.755,3.0634,2.7856
199304,-3.7317,-2.5293,-2.705,-5.0587,-0.7366,-1.1265
199305,6.7773,3.3589,3.139,4.0278,2.3514,0.6658
199306,0.5867,0.7038,1.4875,-1.0789,1.1569,3.4671
199307,-0.4052,1.5919,2.0259,-2.0233,1.3304,1.1929
199308,3.7756,4.789,3.4396,3.4781,3.9928,4.1038
199309,3.315,2.3128,2.3621,-0.9242,0.6414,-0.6706
199310,3.9698,1.6559,2.6811,3.3032,-0.122,-0.9675
199311,-3.1616,-2.8328,-2.1911,0.0827,-2.6692,-2.2034
199312,2.7277,3.9777,2.4687,1.4535,1.8726,2.2513
199401,1.8803,2.9395,5.3025,2.4507,4.5471,1.5937
199402,-0.9196,0.9098,-1.1337,-1.757,-3.1029,-4.6723
199403,-6.2311,-4.7454,-4.4503,-4.677,-3.9823,-3.3488
199404,-0.8882,0.7289,1.4238,0.6314,1.7627,1.636
199405,-2.7048,-1.0848,0.2342,1.4096,1.5338,-0.1316
199406,-4.7152,-2.3625,-1.8064,-3.1108,-1.8949,-2.6716
199407,1.7005,1.1853,2.1905,2.8749,3.9519,3.5197
199408,7.457,4.8738,3.8981,5.2124,2.9487,3.7638
199409,0.5148,-0.2651,-0.0001,-1.4213,-3.0729,-4.587
199410,0.4835,-0.088,-1.5703,2.0096,2.7868,0.8108
199411,-3.9609,-3.1018,-3.6742,-3.2104,-3.4932,-4.9623
199412,0.779,1.5033,1.5948,1.5035,1.2951,0.5075
199501,-1.0494,-0.3126,0.9487,2.196,2.4844,5.2264
199502,3.4448,3.4623,4.211,3.8953,3.9022,5.3147
199503,2.8813,1.7253,1.2855,2.9646,3.1392,0.4061
199504,1.1272,2.7871,3.3182,2.3412,2.8093,3.5439
199505,0.8112,1.6128,2.9784,3.2746,4.0465,5.6547
199506,7.7472,4.5173,4.321,3.4632,1.8492,1.8128
199507,8.0378,4.806,4.8239,3.771,3.8987,3.8046
199508,2.006,2.7528,3.9386,0.0433,0.8326,3.7291
199509,2.3734,2.123,1.6676,4.5244,3.1002,5.1246
199510,-5.5167,-5.3196,-3.8123,0.338,-1.2218,-2.3775
199511,3.6798,3.4213,3.704,4.2341,4.5317,5.3643
199512,2.276,2.1695,2.2458,0.8758,2.399,1.2613
199601,0.0338,0.3145,0.7156,3.1084,2.935,3.2246
199602,4.8706,2.3315,2.7854,1.6634,1.3674,1.6125
199603,2.4751,2.6174,2.6475,0.3252,2.0187,0.8681
199604,8.629,5.1252,4.6133,2.5117,1.7616,-1.5631
199605,6.1066,4.5936,5.3548,3.3751,0.7855,2.3406
199606,-6.4903,-2.8409,-2.3916,0.1489,-0.7061,0.8104
199607,-13.7406,-6.8179,-5.493,-5.6714,-3.7936,-3.6434
199608,7.0522,4.9879,4.5219,2.1348,3.8532,3.1862
199609,5.2765,2.4681,3.3052,6.6651,4.0706,3.2428
199610,-5.2593,-0.2818,1.0038,0.6793,3.7872,4.3033
199611,1.7345,4.4786,3.8878,7.1584,7.3159,7.7885
199612,0.5642,2.5998,2.2804,-1.7199,-1.5546,-0.8035
199701,4.1852,3.2088,2.8951,6.4986,4.7178,4.8762
199702,-6.4081,-0.7127,1.2651,0.0218,-0.0234,3.7357
199703,-8.453,-3.8675,-1.7751,-5.3554,-2.4595,-5.2261
199704,-3.2026,0.6189,-0.451,6.4777,3.9453,3.8745
199705,15.5279,10.2603,8.4354,6.9398,5.9079,5.8012
199706,3.3014,5.6219,6.9585,4.3455,3.9299,3.8752
199707,5.0108,5.214,5.6227,7.7414,8.585,7.7115
199708,3.9068,3.3966,3.0963,-5.5046,-3.7395,-2.2908
199709,8.7006,7.8767,8.3021,5.0331,6.0494,6.1955
199710,-6.4703,-3.5409,-2.0907,-3.2717,-3.365,-3.1508
199711,-3.4283,-1.036,0.4913,5.117,2.7105,3.5775
199712,-2.2708,0.7741,2.3808,1.2192,2.7801,4.2894
199801,-0.7324,-1.2244,-0.9818,2.553,-1.9299,-0.3705
199802,8.5842,7.3421,7.1217,7.0224,8.2254,6.7832
199803,4.1754,4.9101,4.7436,4.9016,5.1173,7.1475
199804,0.6977,1.4324,2.0328,0.8614,1.8983,1.3347
199805,-7.3779,-5.1838,-2.4088,-2.1845,-2.3898,-0.3458
199806,0.59,-0.4395,-0.1858,5.5676,1.6572,2.4197
199807,-7.7893,-7.341,-7.3837,-0.8322,-2.1873,-4.7627
199808,-24.4332,-18.2439,-18.7553,-13.643,-18.6162,-12.1245
199809,9.0513,5.1589,3.6923,7.8676,3.2594,6.4886
199810,4.4692,3.7756,3.2828,7.9725,8.3202,4.5867
199811,8.9819,5.8939,5.509,7.0531,5.6735,4.0667
199812,6.6729,3.5955,2.7628,8.2663,2.4955,3.812
199901,3.7772,2.0646,1.0826,5.0008,1.1489,-1.551
199902,-8.8225,-7.312,-8.4508,-4.4316,-0.9325,-1.0443
199903,-0.1627,0.8946,-2.7832,4.0306,4.135,1.1068
199904,9.0146,10.7491,9.1304,2.3356,7.6757,7.0474
199905,1.9669,0.9391,3.8097,-2.5005,-1.1581,0.2561
199906,6.6879,5.7782,6.4212,6.6227,2.4855,0.3594
199907,-1.1841,-0.4229,-1.1909,-2.9919,-3.7912,-3.8208
199908,-2.8187,-3.016,-3.4148,0.0498,-3.4345,-3.0357
199909,0.6047,-0.0729,-2.8904,-1.7859,-5.6238,-5.2606
199910,0.9434,-0.3709,-2.6979,6.6547,7.4988,3.5624
199911,13.4442,6.3787,4.3302,4.1919,-2.6821,0.9766
199912,18.2524,8.9839,6.6437,8.3498,1.2469,3.3242
200001,1.258,-0.9643,0.4001,-4.8438,-4.0753,-7.7629
200002,28.4974,15.6291,13.1023,1.2434,-5.4803,-2.9891
200003,-13.6701,-4.8619,-1.1816,8.6653,10.8383,12.6437
200004,-14.6127,-5.7235,-4.3342,-4.2234,-0.5487,-0.0027
200005,-7.6203,-5.3942,-4.9354,-3.4744,0.3645,3.4989
200006,17.7386,9.22,8.5641,4.7785,-4.797,-2.8696
200007,-7.1219,1.234,1.9686,-3.029,3.8138,4.5455
200008,8.6876,5.267,6.5938,7.5832,7.9172,6.93
200009,-7.2396,-0.5453,-0.3837,-5.9231,1.388,1.5671
200010,-8.295,-1.3971,-1.6241,-2.0388,-0.0525,2.5737
200011,-16.5681,-4.2703,-2.8498,-10.5306,-3.431,0.4395
200012,2.6989,8.8791,8.5569,-0.1461,8.8946,9.2058
200101,12.5595,5.1981,6.7362,3.4869,1.8554,-0.9
200102,-12.4363,-0.61,0.048,-11.1483,-0.9568,1.3265
200103,-7.6384,-0.8722,-1.5357,-7.9949,-1.6333,-1.2367
200104,10.202,5.0082,5.0466,8.9482,4.9085,4.7177
200105,3.8048,4.7231,6.2496,0.4504,2.1046,4.7252
200106,6.2972,4.626,3.163,-2.2046,-1.1824,-1.3252
200107,-9.3409,-4.5299,-1.0905,-1.7112,-1.1452,0.4601
200108,-7.4621,-2.6798,-1.4845,-6.9038,-3.8901,-8.2732
200109,-17.025,-13.4339,-14.1516,-8.1823,-9.5542,-8.1314
200110,11.1364,5.4265,4.4853,3.3548,0.5522,-5.3216
200111,9.0227,7.3094,9.0737,7.8904,6.6431,12.2742
200112,6.6879,6.82,6.6876,0.6666,2.9787,2.3635
200201,-5.1955,0.3734,3.3022,-0.9162,-1.6317,-2.5436
200202,-8.1235,-1.2577,-1.0153,-2.3943,0.1912,-5.1829
200203,8.8751,7.6614,9.9095,3.5905,5.5414,4.684
200204,-3.9996,2.3893,4.2289,-7.1201,-0.537,-7.5924
200205,-6.7218,-3.6309,-2.6489,-1.3886,0.4239,-2.3928
200206,-7.1095,-3.2247,-2.394,-7.4411,-5.9175,-12.2215
200207,-14.9399,-14.5063,-15.3108,-6.4461,-8.7189,-13.8052
200208,-0.4763,0.3885,-0.4339,-0.0994,1.7065,6.4749
200209,-8.3125,-7.4783,-7.1019,-10.8034,-10.2432,-9.125
200210,6.6513,4.6102,0.5649,9.7556,4.3537,7.9434
200211,13.2609,8.2896,7.7334,5.3772,5.8686,8.359
200212,-8.641,-4.625,-3.5705,-6.1733,-3.9949,-6.9854
200301,-2.4753,-2.5878,-1.2317,-2.833,-1.8158,-5.5412
200302,-3.9075,-1.9167,-3.7217,-1.4223,-2.3924,-4.3584
200303,1.8314,0.5422,1.1188,1.5887,0.3378,-1.5572
200304,11.115,9.3861,9.6066,7.761,8.7429,11.6038
200305,13.1683,10.8316,10.879,5.0075,7.3688,8.3602
200306,2.4566,2.3786,3.6071,1.3375,1.2983,0.5724
200307,8.1483,5.7577,6.7414,1.7685,2.7613,0.7883
200308,4.9154,4.5445,6.09,2.1293,1.5237,4.0429
200309,-1.5903,-1.9416,0.8851,-1.1414,-0.489,-3.4236
200310,8.4299,7.9992,10.646,5.2006,7.1598,6.8337
200311,2.8488,3.6513,4.5945,0.813,1.6001,2.6839
200312,1.0103,2.5867,3.0507,4.6142,4.403,5.7656
200401,3.8771,3.4953,7.1721,1.4605,2.383,3.0946
200402,0.4495,1.0001,0.3196,1.0716,2.3189,2.9429
200403,1.354,0.4128,0.4022,-1.8624,-0.7624,-0.4467
200404,-3.4461,-3.3015,-6.078,-0.2229,-3.7662,-3.626
200405,1.0167,1.2464,0.6563,1.2432,1.2772,1.1471
200406,3.113,5.0447,4.409,1.5204,1.5244,2.6745
200407,-9.4527,-5.6317,-5.2013,-4.3756,-2.317,-2.1818
200408,-2.2498,-0.2845,-0.639,-0.282,1.4836,0.1024
200409,5.5528,5.1824,3.6371,0.8519,1.7287,2.7342
200410,2.8377,1.6357,1.2476,1.5958,0.9939,2.6893
200411,8.424,8.7452,8.7784,3.7051,4.7825,6.2587
200412,4.391,2.5744,3.7097,3.5207,3.4817,3.7746
200501,-5.4181,-3.2575,-2.663,-3.0957,-1.3806,-1.7037
200502,0.7569,2.0509,2.804,2.1229,2.0273,3.1604
200503,-4.1802,-2.4276,-1.4772,-1.2856,-2.7057,0.1157
200504,-6.3126,-6.0489,-5.7186,-1.7369,-2.3195,-2.2342
200505,7.4042,6.4217,5.7183,3.6683,3.079,4.1685
200506,2.8059,4.0799,4.7555,-0.7926,1.7881,2.8856
200507,6.9673,6.9198,6.0047,4.5868,2.6207,3.9961
200508,-2.2612,-1.1993,-1.2262,-1.2545,-0.8614,0.3806
200509,0.3795,0.8953,0.2259,0.4073,1.1554,1.9333
200510,-3.9757,-2.5873,-2.2748,-1.2264,-1.8031,-2.1076
200511,5.1432,4.6132,4.008,4.1681,3.7203,2.8944
200512,0.0866,-0.381,-0.3044,-0.7495,1.2992,0.0832
200601,8.5909,9.295,8.2067,1.8247,3.6256,4.3913
200602,-0.5482,-0.0528,-0.6174,-0.1302,0.9277,-0.804
200603,4.0691,5.313,5.2865,1.6833,1.073,1.5704
200604,-0.5608,0.9947,0.8171,-0.0074,2.2634,3.2858
200605,-7.6619,-4.7479,-4.1083,-2.9221,-2.9726,-1.6874
200606,-0.7105,0.5269,-0.0626,-0.0929,0.1228,0.8541
200607,-5.9124,-2.8224,-2.1472,-0.7837,1.1683,0.6894
200608,3.4331,2.5405,2.5161,3.3152,1.9994,0.1544
200609,0.8899,0.8327,1.3212,2.513,2.3526,2.1923
200610,6.1143,5.2026,4.5668,3.3855,2.9209,4.4047
200611,2.6253,2.7884,2.7386,1.8422,2.1996,1.9536
200612,-0.5475,0.6811,2.0241,0.3448,2.0044,3.1946
200701,2.5961,0.8465,1.9179,1.9136,1.8348,1.1902
200702,-0.1332,-0.0709,-1.0497,-1.9507,-1.5527,-1.2824
200703,1.7137,1.3194,0.3522,0.8447,1.78,0.3252
200704,2.7701,2.0618,0.9548,4.8477,3.6577,3.797
200705,4.461,3.6732,3.1142,3.222,4.0173,3.3301
200706,-0.5446,-1.1927,-1.6211,-1.1145,-2.3441,-2.1754
200707,-4.8279,-5.7249,-8.2805,-1.4019,-4.1861,-5.4064
200708,1.4984,2.4441,-0.725,1.5843,2.0022,0.0372
200709,2.581,1.0071,0.0511,4.9651,2.2877,3.0349
200710,3.7945,1.7089,0.0721,3.1497,1.42,0.6486
200711,-7.5376,-6.602,-7.9095,-3.1037,-5.5499,-4.6024
200712,0.1531,-0.5757,-0.8877,-0.4385,-0.896,-0.446
200801,-8.5342,-6.5376,-3.8022,-7.202,-4.8247,-3.9081
200802,-4.6372,-2.8318,-3.9287,-2.1103,-3.5739,-4.4959
200803,-2.1127,1.1729,0.3266,0.6613,-2.5101,-1.0694
200804,4.9316,3.3943,1.398,3.7404,6.0491,5.0919
200805,5.6253,5.3926,2.8897,2.3432,0.691,2.0093
200806,-7.2877,-7.3846,-8.8668,-7.0138,-9.4313,-10.8254
200807,2.3265,3.0126,5.0356,-1.0841,-2.9744,6.7524
200808,3.1088,3.9034,6.7863,1.4701,1.0553,0.7606
200809,-11.0716,-7.2892,-7.019,-9.7742,-9.8798,-2.0187
200810,-22.0886,-19.4002,-20.365,-15.4843,-17.1609,-21.643
200811,-11.7061,-11.227,-14.3738,-6.1998,-6.3667,-16.1386
200812,4.9197,4.3584,5.3412,1.7118,1.0273,1.4221
200901,-7.8943,-10.1978,-15.6845,-5.335,-9.2234,-19.7691
200902,-9.8165,-11.4496,-14.8785,-7.9397,-11.8998,-16.6958
200903,9.1782,10.484,10.772,8.302,8.7467,13.3973
200904,16.4881,16.6507,18.0271,7.94,10.4709,16.9157
200905,3.8784,3.062,2.6298,4.5243,6.0813,6.512
200906,5.4243,1.7703,0.7514,0.8698,-1.0033,0.1104
200907,6.9131,10.3276,13.3679,6.7667,8.2447,9.9829
200908,1.0155,3.0144,8.1868,1.7031,3.9402,9.8001
200909,6.3176,5.8375,7.5862,3.4611,4.7047,4.2793
200910,-6.9838,-6.3198,-9.3907,-0.4479,-2.7718,-6.4484
200911,2.0214,1.9394,4.1332,6.6351,4.7692,3.8618
200912,8.4759,8.074,8.3681,1.9448,3.1216,1.7169
201001,-3.7834,-3.0201,-2.6881,-4.2108,-2.0358,-4.4504
201002,3.3733,4.1291,7.4535,3.0585,2.9066,5.4191
201003,7.016,8.1488,8.9518,5.2323,6.7375,7.7161
201004,3.9333,6.237,9.2906,0.8422,2.7518,1.2645
201005,-5.9602,-7.1246,-10.3752,-7.3799,-8.4982,-7.8501
201006,-5.7705,-7.5702,-10.8827,-4.4217,-5.6541,-8.7076
201007,6.8222,6.6855,7.3041,6.7411,7.681,5.6624
201008,-7.1127,-7.6752,-8.5764,-4.0637,-3.9271,-6.5193
201009,14.0762,12.7911,10.9165,10.08,8.9424,6.8943
201010,4.601,4.2258,3.6942,4.5431,3.8612,0.4751
201011,3.629,4.1043,3.412,0.5022,0.3822,-1.0412
201012,7.179,8.3338,9.448,4.9437,7.7711,10.2445
201101,-0.3304,0.061,0.3816,2.0428,2.5171,2.8785
201102,5.0912,5.328,5.4789,2.5049,4.3888,4.5891
201103,3.4043,2.8345,1.4389,0.1929,1.3989,-1.5944
201104,3.4168,2.1125,1.0857,3.7435,2.7185,1.1154
201105,-1.6539,-2.126,-3.1719,-0.5587,-1.3847,-3.0482
201106,-1.8794,-2.1271,-1.8766,-1.4717,-1.746,-2.2329
201107,-4.5456,-4.0054,-3.058,-0.7405,-2.9436,-4.0566
201108,-9.3838,-8.8389,-9.8293,-3.9852,-6.5096,-8.3438
201109,-11.1091,-11.5085,-10.8635,-6.3619,-7.0009,-10.1173
201110,15.6739,15.5346,13.167,9.8277,12.0613,12.5763
201111,-1.8437,-0.2502,-0.1946,-0.0591,0.9006,-2.6343
201112,-0.5599,0.7938,1.1427,-0.1269,1.9074,1.3848
201201,8.2653,6.8025,5.9274,5.4952,3.3547,5.9612
201202,3.4318,2.3807,2.924,4.6269,3.6861,5.9894
201203,2.4247,2.8321,3.037,3.7055,1.239,5.3324
201204,-1.4485,-2.0547,-0.9032,-0.4684,-0.1479,-2.5549
201205,-6.5456,-6.3139,-6.2258,-5.4778,-5.9581,-7.9206
201206,5.7122,4.192,4.7212,2.9386,4.667,5.1039
201207,-3.248,-0.9182,-1.7278,1.2861,1.4543,-0.4669
201208,3.3288,3.1605,3.734,2.371,1.8575,4.5645
201209,3.3367,3.5249,4.1452,1.9059,3.2069,4.266
201210,-4.0502,-1.3611,-0.8917,-2.4804,-1.8025,1.4887
201211,1.0432,1.0422,0.8323,1.1265,0.2981,-0.325
201212,2.6429,3.5247,4.4718,-0.1908,1.2364,5.0322
201301,6.8952,6.3319,5.7772,4.4785,6.0922,7.4908
201302,1.0006,0.8284,1.2431,1.3662,1.3738,1.3179
201303,5.2465,4.5655,4.519,3.7579,4.0515,4.0298
201304,-0.8066,-0.8563,-0.1257,1.8592,1.2658,2.1746
201305,5,5.3961,5.2232,1.952,1.4421,7.0616
201306,-0.2537,0.3429,-0.1102,-1.7688,-0.4034,-1.805
201307,7.4201,7.0947,7.8964,5.609,4.9284,6.2704
201308,-1.0755,-3.4897,-3.8674,-1.7701,-3.1157,-4.3393
201309,6.3853,6.3642,5.5856,4.0536,3.1967,2.3988
201310,1.0377,3.0353,3.9612,4.1709,4.7572,3.7752
201311,5.2722,3.8996,4.5033,3.3407,1.8158,4.6605
201312,1.859,2.8208,1.8819,2.1247,3.716,2.0913
201401,-0.1778,-4.0237,-3.6582,-3.3322,-3.3827,-3.9001
201402,4.0365,4.7841,5.2094,5.0028,4.7049,3.2109
201403,-3.422,1.119,1.3641,-0.5789,0.7661,4.469
201404,-6.3334,-3.1694,-2.7174,0.4062,0.8862,-0.9248
201405,-0.7099,0.8644,0.0754,2.4585,2.0155,1.4222
201406,7.1886,5.0835,4.4456,1.6414,2.7949,3.0066
201407,-6.3627,-6.3411,-5.4589,-1.3988,-1.6533,-2.2657
201408,5.0333,4.0593,4.5289,4.7966,3.2326,4.438
201409,-4.7247,-5.3049,-6.4371,-0.9181,-2.493,-1.9052
201410,7.5714,5.8012,5.2143,2.8108,1.6055,1.499
201411,1.7961,-0.2269,-1.0656,3.7066,2.5557,0.3802
201412,2.082,2.8867,3.2688,-1.3509,0.1039,2.0002
201501,-2.7834,-4.899,-5.1879,-1.5796,-3.2693,-6.3993
201502,7.6706,6.9486,5.006,6.4871,5.8861,5.4379
201503,2.125,1.8077,1.1338,-1.3782,-1.5439,-1.2115
201504,-3.2172,-2.0403,-0.7248,0.351,1.2633,1.5106
201505,2.8568,2.7056,0.8787,1.2263,1.49,0.9607
201506,2.7098,0.3043,0.604,-1.8327,-1.9442,-1.2916
201507,-0.2959,-2.4432,-5.5479,2.9698,1.2471,0.0849
201508,-9.316,-4.7223,-3.2875,-6.1708,-5.6216,-6.6027
201509,-7.7996,-4.7214,-4.6554,-2.2241,-2.8686,-4.2076
201510,5.0055,6.5349,5.7189,8.0283,8.4167,6.4126
201511,5.6362,3.3549,3.7086,0.5051,-0.275,1.6634
201512,-3.8907,-4.8966,-6.7996,-1.3047,-2.2755,-3.573
201601,-14.0671,-7.6843,-6.8999,-5.1638,-5.136,-8.1899
201602,-0.5825,0.8792,0.5254,0.0169,0.6141,-2.2324
201603,7.7023,7.9056,8.2563,6.5758,6.7995,8.2273
201604,2.6414,1.1129,3.6681,-0.6303,1.2932,4.7555
201605,2.309,1.2481,0.5243,2.1884,1.7852,0.6677
201606,0.2412,-0.4343,-0.0454,0.0151,0.5957,-2.6052
201607,7.0391,5.6291,5.6866,4.9023,2.2617,3.6699
201608,1.3009,2.7039,3.2145,-0.4301,0.2545,3.8763
201609,3.2742,1.2982,1.7466,0.4419,-0.0827,-0.4423
201610,-8.1473,-5.182,-3.0105,-2.0245,-2.1588,1.0863
201611,9.14,12.4935,14.9845,1.9783,5.0788,12.5522
201612,-0.4427,2.845,4.5599,1.2816,1.9254,3.4783
201701,1.9775,-0.1768,-0.6515,3.2527,0.9028,0.3928
201702,3.3431,1.1476,0.2851,4.3066,2.5601,4.0165
201703,2.3135,0.0667,-0.7161,1.0477,-0.1806,-2.5911
201704,1.9398,1.4574,0.5773,1.9931,0.7371,-0.9022
201705,-0.8419,-1.646,-3.7873,2.9182,0.01,-1.6429
201706,4.8044,3.137,3.4227,-0.1401,0.5945,4.2137
201707,0.7577,0.5132,0.6249,2.4375,1.7119,2.1362
201708,-0.6132,-2.0194,-2.3045,1.2894,-0.1227,-1.1664
201709,5.4339,8.3543,8.2854,1.3736,2.6297,4.7055
201710,0.3608,0.3184,1.0526,3.1102,1.547,2.8636
201711,2.7002,2.7185,2.7003,3.3162,3.2811,3.2102
201712,0.8682,-0.7753,-0.0175,1.0128,1.0795,1.9513
201801,3.1384,2.9881,1.6756,6.487,5.6116,5.2383
201802,-3.0809,-3.7935,-3.7114,-2.5852,-4.7537,-4.0224
201803,1.3872,0.985,1.9025,-2.3552,-2.2153,-3.3231
201804,1.2051,1.0858,2.2879,0.63,0.1341,0.511
201805,8.0065,7.5054,5.8636,3.7946,1.9732,-0.3194
201806,2.8798,0.2352,0.5716,1.0526,0.5504,-1.2928
201807,1.3903,2.1642,1.0177,3.3445,3.3619,4.6215
201808,5.7191,3.3541,2.284,5.3229,1.8192,0.8049
201809,-1.7772,-2.768,-2.8474,0.6155,0.6048,-1.7196
201810,-13.3376,-11.5195,-9.1908,-8.2352,-5.8336,-5.5272
201811,1.0601,2.1546,0.7922,1.4647,2.3308,2.2568
201812,-12.1036,-11.9279,-12.7495,-8.4193,-9.5156,-11.5733
201901,12.8762,10.4035,11.0703,8.2064,8.3123,9.1351
201902,6.442,5.0526,3.6011,3.7318,4.026,1.2062
201903,-0.676,-2.8504,-4.0835,2.7699,0.4668,-1.9158
201904,2.3121,3.9379,3.3342,4.0073,3.4904,7.3171
201905,-7.1265,-8.2415,-9.9485,-6.3698,-6.6387,-8.2858
201906,8.2547,7.5837,6.4668,7.0754,7.0255,7.4491
201907,-0.6958,0.6571,-0.6783,1.8084,0.6753,2.623
201908,-4.1705,-5.8973,-8.1076,-1.0196,-3.2272,-6.9759
201909,-2.4206,3.9491,5.5988,0.3211,3.756,5.9664
201910,4.4824,2.5093,0.6407,2.6146,1.5816,2.5992
201911,6.0712,3.2666,3.5746,4.395,3.2543,2.8545
201912,2.7638,4.3746,4.7817,2.756,2.6734,4.3247
202001,-1.8178,-4.2314,-8.2244,1.6816,-2.1659,-4.4005
202002,-6.2063,-8.624,-10.0457,-7.0474,-10.1491,-10.7844
202003,-18.7942,-21.3553,-28.4321,-9.0006,-17.5134,-27.3963
202004,18.3999,12.8664,15.8727,14.38,10.8093,14.5451
202005,11.2138,4.7513,4.3174,6.0554,3.5258,3.3515
202006,5.3039,2.5149,3.6388,3.533,-1.2566,1.1152
202007,2.0125,2.8338,2.5906,7.2855,3.3364,3.6539
202008,7.126,4.4696,5.4313,9.4614,3.0303,5.3177
202009,-0.6572,-4.4367,-5.7965,-4.1635,-2.5314,-4.2658
202010,0.7706,2.5749,6.1908,-2.8741,-0.8524,0.028
202011,22.9058,17.6065,19.458,10.4648,14.3769,18.1771
202012,12.5611,8.0215,8.3918,4.4501,4.3009,5.7611
202101,5.4901,5.2189,10.1865,-0.5986,-0.5619,0.6944
202102,5.6812,9.4822,9.2948,0.3552,6.9165,11.1089
202103,-2.7868,2.9926,7.1547,2.3242,5.0554,7.2111
202104,2.6364,1.5089,1.4033,6.0823,3.3528,5.4489
202105,-1.6786,1.4607,5.9173,-0.9981,2.047,5.4815
202106,5.6058,0.44,-1.0979,4.8188,-1.2594,-4.0036
202107,-5.5593,-1.8623,-3.6521,3.1048,-0.0099,-2.3
202108,2.3903,1.5124,2.668,3.5667,1.4122,3.0371
202109,-4.3421,-3.4661,0.6445,-5.4525,-3.857,-0.2526
202110,2.9626,3.7688,3.8617,8.0441,3.153,6.2389
,,,,,,
,,,,,,
200503,410.54,457.54,271.51,16704.18,11348.65,9846.29
200504,394.24,443.66,269.35,16524.96,11051.46,9826.68
200505,368.66,417.34,254.04,16258.53,10772.11,9602.14
200506,397.95,444.43,269.41,16856.05,11109.69,10007.74
200507,451.09,432.04,274.54,16613.04,12296.52,10127.16
200508,483.28,462.16,293.57,17422.04,12629.62,10513.63
200509,470.69,458.7,290.42,17174.18,12515.11,10534.81
200510,472.8,464.67,292.05,17123.22,12694.66,10728.6
200511,454.08,452.7,286.94,16935.74,12459.71,10472.92
200512,479.87,471.62,294.45,17646.41,12913.59,10806.99
200601,482.4,470.76,295.77,17563.17,13040.87,10830.14
200602,523.06,514.92,320.65,17905.67,13576.06,11289.9
200603,519.87,514.99,319.41,17921.98,13765.83,11247.49
200604,542.85,541.77,337.24,18183.67,13870.49,11472.63
200605,540.02,545.87,341.08,18199.21,14157.38,11757.95
200606,498.32,520.39,327.39,17738.36,13730.5,11599.09
200607,522.53,518.2,310.07,17501.53,13826.63,12213.22
200608,492.43,504.07,302.99,17420.93,13965.85,12268.79
200609,510.37,516.67,310.36,17966.74,14199.12,12268.73
200610,513.49,520.31,314.6,18396.82,14559.07,12528.85
200611,543.11,548.65,327.31,19038.54,15055.27,13122.8
200612,555.64,562.08,337.35,19419.72,15322.56,13353.58
200701,552.41,561.38,343.54,19460.33,15466.3,13763.5
200702,564.52,567.05,349.73,19822.55,15800.11,13902.57
200703,562.95,568.15,347.35,19397.85,15460.51,13738.47
200704,571.95,574.58,350.79,19582.03,15744.1,13818.86
200705,583.63,586.56,354.92,20565.57,16349.68,14319.93
200706,607.95,605,364.74,21214.32,16997.89,14771.26
200707,599.76,582.1,360.15,20401.96,16923.21,14898.65
200708,572.52,543.66,331.18,20141.51,16287.75,14173.85
200709,580.95,556.19,326.75,20452.31,16605.14,14157.16
200710,596.07,558.86,326.11,21538.11,17114.01,14642.78
200711,614.72,567.08,327.01,22296.15,17452.11,14774.72
200712,567.89,528.33,300.82,21659.4,16495.35,14133.61
200801,565.13,523.45,298.07,21532.24,16309.41,14054.79
200802,515.24,485.82,286.28,20016.9,15500.59,13474.02
200803,493.93,471.31,276.86,19592.44,14942.34,12840.05
200804,486.86,478.29,276.22,19769.96,14533.09,12684.51
200805,507.95,495.87,281.64,20495.22,15397.26,13335.76
200806,537,523.69,289.1,20956.92,15463.76,13662.58
200807,452.42,431.28,252.24,18132.83,13330.6,9791.71
200808,464.57,443.76,265.29,17949.67,12942.39,10400.59
200809,481.83,463.32,284.2,18214.48,13152.92,10562.05
200810,430.03,426.11,264.28,16407.54,11833.7,10372.17
200811,333.02,343.36,210.99,13805.95,9778.4,8081.32
200812,295.59,303.83,179.32,12915.09,9140.28,6771.57
200901,310.66,317.05,189.85,13107.16,9204.94,6926.03
200902,287.89,284.73,161.34,12399.07,8335.01,5552.76
200903,261.07,253.02,138.58,11151.19,7312.05,4611.4
200904,286.36,281.93,154.73,12048.6,7938.44,5131.53
200905,336.06,331.12,183.42,12991.83,8749.71,5991.7
200906,348.76,342.43,190.19,13544.49,9259.73,6367.94
200907,391.62,348.23,158.79,14093.43,8772.73,7326.09
200908,416.57,385.11,180.09,15030.33,9481.21,8053.35
200909,417.93,397,196.21,15245.89,9838.43,8831.31
200910,444.67,419.75,212.34,15682.57,10329.22,9202.68
200911,415.13,393.38,194.3,15507.96,10048.3,8519.22
200912,425.16,400.02,203.87,16530.22,10507.76,8832.09
201001,460.7,431.29,221.88,16898.15,10815.52,8994.4
201002,444.93,419.32,217.18,16123.43,10597.54,8590.6
201003,458.85,437.42,235.33,16631.7,10930.11,9044.09
201004,490.69,473.49,258.2,17473.5,11689.38,9790.62
201005,508.55,501.76,284.01,17603.45,11997.84,9911.04
201006,476.98,466.91,255.21,16323.57,10916.73,9120.36
201007,419.79,444.68,213.88,14473.78,10304.75,10883.26
201008,446.2,473.73,229.74,15437.88,11077.75,11499.44
201009,414.1,437.88,210.6,14795.21,10618.49,10738.88
201010,473.22,494.4,233.76,16330.13,11600.6,11522.68
201011,493.56,515.3,243.71,17092.48,12060.38,11627.92
201012,509.73,537.46,252.3,17135.07,12078.08,11487.25
201101,546.44,580.44,277.21,17955.29,13055.84,12646.5
201102,545.01,583.21,278.4,18308.49,13427.9,13001.54
201103,575,615.09,294.61,18798.21,14055.74,13579.38
201104,595.28,637.85,299.81,18807.07,14252.2,13350.4
201105,615.41,649.85,302.28,19540.73,14656.2,13483.1
201106,608.04,637.12,290.58,19551.56,14478.8,13124.19
201107,609.77,594.11,302.81,16681.95,15719.16,15462.04
201108,579.32,570.08,293.95,16545.68,15245.19,14817.29
201109,525.5,518.23,264.41,15892.99,14280.28,13555.7
201110,466.53,457.97,235.72,14863.97,13312.79,12170.65
201111,540.88,531.65,268.36,16339.4,14970.12,13684.04
201112,531.75,530.58,267.7,16348.75,15147.37,13286.99
201201,527.79,534.7,272.12,16320.69,15402.27,13518.29
201202,571.63,571.79,289.06,17315.53,15942.74,14309.4
201203,591.71,586.64,298.37,18081.64,16478.31,15337.42
201204,604.05,603.6,307.96,18697.27,16695.36,16131.53
201205,597.53,592.11,302.64,18581.34,16695.22,15699.17
201206,559.05,554.56,285.32,17519.65,15696.11,14423.38
201207,577.05,541.48,279.93,18333.32,13575.99,13267.77
201208,557.56,538.32,276.27,18661.52,13753.14,13191.05
201209,577.65,556.26,287.73,19049.72,14016.93,13767.28
201210,595.44,575.85,299.61,19461.58,14432.48,14337.66
201211,571.14,569.65,298.19,18995.59,14149.35,14535.87
201212,574.32,572.18,299.19,19188.04,14183.83,14451.5
201301,586.96,589.5,311.7,19095.47,14390.94,15150.45
201302,627.13,617.78,330.7,19933.35,15244.54,16262.42
201303,633.93,624.74,335.66,20152.95,15417.27,16542.39
201304,661.75,654.11,352.57,20882.43,16015.98,17188.16
201305,658.52,647.99,353.6,21252.44,16230.89,17621.83
201306,693.71,683.14,372.91,21625.21,16473.79,18818.05
201307,682.81,688.94,374.09,19001.8,18422.18,17379.21
201308,734.38,738.66,405.06,20044.1,19299.84,18453.11
201309,725.5,711.8,391.04,19673.97,18656.01,17703.66
201310,766.9,757.27,411.83,20478.34,19200.59,18106.77
201311,775.39,779.42,430.66,21310.3,20090.23,18827.11
201312,814.66,806.79,449.88,22017.55,20452.62,19762.89
201401,828.46,825.55,458.2,22506.09,21232.32,20149.98
201402,829.12,793.37,443.4,21735.69,20514.87,19347.05
201403,859.84,832.41,466.59,22775.38,21419.88,19928.52
201404,829.95,842.58,469.15,22614.66,21551.06,20794.66
201405,777.41,814.58,456.19,22724.75,21749.87,20584.81
201406,772.02,821.09,457.65,23231.18,22134.16,20836.24
201407,804.48,814.51,453.89,23222.32,20686.12,21319.21
201408,755.47,760.99,429.22,23007.35,20304.69,20819.32
201409,794.06,793.16,449.08,24152.04,20923.4,21686.29
201410,759.11,750.42,422.73,23902.7,20368.84,21349.47
201411,814.63,795.08,446.58,24649.21,20688.62,21652.41
201412,829.42,787.56,442.32,25614.07,21164.38,21677.24
201501,843.75,813.29,449.17,25283.69,21197.99,22160.05
201502,813.09,771.92,427.82,24917.47,20515.31,20819.31
201503,879.92,825.81,448.93,26409.17,21663.7,21950.53
201504,902.28,840.55,454.65,26162.43,21298.97,21649.98
201505,871.75,824.1,451.5,26249.02,21627.88,21959.88
201506,896.14,847.38,456.04,26565.39,21900.19,22326.22
201507,788.19,748.29,441.5,23552.38,20520.25,20295.07
201508,786.49,725.4,415.6,24295.22,20825.7,20289.88
201509,716.84,691.65,403.22,22745.39,19618.75,18904.91
201510,658.28,654.42,385.59,22209.6,19068.92,18154.03
201511,694.58,696.22,407.25,23985.04,20691.53,19392.27
201512,730.39,717.32,427.01,24053.42,20691.04,19666.37
201601,707.15,679.4,399.77,23753.22,20211.86,18857.19
201602,608.49,630.26,372.93,22580.62,19073.35,17386.3
201603,604.38,636.28,376.83,22601.5,19172.34,17102.42
201604,642.25,686.92,407.15,24158.87,20540.87,18480.11
201605,662.83,695.94,424.96,23927.36,20838.96,19338.82
201606,677.84,705.41,428.52,24442.73,21158.14,19416.93
201607,698.08,652.95,383.58,24887.78,20411.53,17515.58
201608,746.6,689.07,404.53,26138.89,20901.19,18334.85
201609,748.26,704.07,417.99,26086.37,20879.73,18991.11
201610,777.01,712.2,426.63,26262.71,20880.92,18892.07
201611,705.16,674.45,414.69,25860.66,20398.66,19072.64
201612,769.36,758.75,476.66,26370.01,21489.34,21517.47
201701,766.08,775.39,498.55,26691.39,21903.11,22379.01
201702,777.51,770.9,496.59,27594.85,22111.05,22438.69
201703,801.42,774.62,497.85,28762.08,22660.33,23286.04
201704,816.1,770.64,491.74,29133.55,22580.9,22656.61
201705,830.93,784.88,493.73,29687.38,22782.89,22424.33
201706,825.46,769.57,474.8,30539.62,22838.16,21788.08
201707,853.83,757.41,463.9,28753.3,22209.87,22938.05
201708,858.52,762.92,467.72,29423.57,22567.53,23402.25
201709,852.16,748.6,457.6,29685.56,22410.46,23157.5
201710,900.58,811.75,490.94,30178.12,23101.14,24228.46
201711,913.59,813.65,497.49,31087.15,23561.95,25013.21
201712,939.58,836.82,509.16,32070.77,24278.83,25740.32
201801,943.56,830.08,507.48,32367.25,24510.55,26220.59
201802,968.86,856.35,516.84,34438.25,25857.74,27697.13
201803,937.57,824.76,498.47,33490.82,24737.17,26791.04
201804,951.81,832.22,508.5,32794.29,24215.3,25864.63
201805,950.42,841.29,521.22,32972.71,24269.61,25968.31
201806,1026.54,901.94,551.23,34098.11,24564.86,25926.94
201807,980.72,877.46,584.8,36220.6,21574.21,25076.7
201808,991.47,895.52,591.17,37399.04,22267.9,26203.61
201809,1047.07,924.54,605.22,39324.82,22675.29,26333.62
201810,1029.69,899.01,587.48,39534.12,22823.24,26149.71
201811,894.52,796.05,531.23,36281.5,21372.09,24791.12
201812,909.39,810.93,534.13,36741.95,21711.49,25266.21
201901,789.59,712.04,465.57,33613.96,19604.69,22425.33
201902,882.01,788.4,515.26,36578.64,21248.27,24417.91
201903,939.6,828.8,530.61,37731.96,22045.62,24791.37
201904,932.71,807.95,510.32,38908.69,22166.42,24288.91
201905,954.18,840.04,528.41,40516.05,22904.87,26026.06
201906,887,769.88,476.5,37863.92,21376.96,23786.28
201907,906,766.36,491.67,39291.88,22271.48,17374.83
201908,903.82,772,489.76,40029.93,22413.26,17779.78
201909,866.3,724.17,450.14,39591.34,21624.38,16583.57
201910,841.57,751.17,475.48,39839.23,22403.93,17537.15
201911,877.89,768.65,479.73,40761.45,22733.48,17940.59
201912,930.59,793.02,499.39,42570.39,23508.76,18303.96
202001,952.94,821.8,523.22,43700.1,24119.17,19056.75
202002,938.11,787.18,480.31,44392.48,23574.51,18155.25
202003,878.59,717.28,427.69,41280.78,21084.35,16158.75
202004,704.37,564.85,306.42,37530.95,17384.05,11502.28
202005,835.44,639.9,357.57,42980.04,19245.98,13131.48
202006,932.24,669.29,367.87,45513.83,19856.13,13583.76
202007,778.78,702.69,412.44,40674.06,19739.74,19126.99
202008,794.66,722.52,426.12,43607.33,20407.31,19949.49
202009,846.49,757.35,449.11,47678.76,20971.58,20948.81
202010,831.23,722.28,424.53,45869.91,20547.26,20018.29
202011,837.56,740.69,451.59,44590.41,20332.67,19998.11
202012,1029.21,869.84,541.61,49285.91,23201.27,23709.67
202101,1153.57,934.03,582.55,51509.14,24162.67,25544.59
202102,1215.92,983.46,641.87,51170.43,23976.96,25695.64
202103,1281.44,1078.18,700.58,51397.23,25580.38,28496.65
202104,1238.19,1111.84,751.43,52818.62,26911.06,30495.78
202105,1270.75,1129.45,760.68,56103.56,27852.62,32132.44
202106,1245.65,1145.87,803.79,55589.6,28433.66,34105.75
202107,1247.6,1157.5,750.64,58068.84,26411.67,34062.89
202108,1178.09,1137.37,724.38,60012.51,26364.16,33206.16
202109,1207.45,1148.68,746.37,62215.52,26698.39,34103.05
202110,1150.34,1103.08,750.29,58902.7,25749.3,33977.87
,,,,,,
,,,,,,
  For portfolios formed in June of year t,,,,,,
  Value Weight Average of BE/ME Calculated for June of t to June of t+1 as: ,,,,,,
  Sum[ME(Mth) * BE(Fiscal Year t-1) / ME(Dec t-1)] / Sum[ME(Mth)],,,,,,
  Where Mth is a month from June of t to June of t+1,,,,,,
  and BE(Fiscal Year t-1) is adjusted for net stock issuance to Dec t-1,,,,,,
,SMALL LoBM,ME1 BM2,SMALL HiBM,BIG LoBM,ME2 BM2,BIG HiBM
192607,0.507,1.0709,3.1784,0.4517,1.0212,2.3095
192608,0.5044,1.0698,3.2414,0.455,1.0219,2.2964
192609,0.5048,1.0681,3.2361,0.4589,1.0239,2.2921
192610,0.5029,1.0651,3.2558,0.4621,1.0245,2.2872
192611,0.503,1.0616,3.295,0.4616,1.0219,2.2835
192612,0.5012,1.0603,3.293,0.457,1.0217,2.2819
192701,0.4989,1.0588,3.3499,0.4597,1.0262,2.276
192702,0.4979,1.0624,3.417,0.4599,1.0259,2.2794
192703,0.4995,1.06,3.4562,0.4614,1.0267,2.3097
192704,0.4965,1.0605,3.4674,0.4625,1.0291,2.3251
192705,0.4945,1.0663,3.5075,0.4625,1.0305,2.3264
192706,0.4948,1.0689,3.5734,0.4619,1.0305,2.3089
192707,0.5301,1.1015,3.432,0.5187,1.0749,2.3788
192708,0.5299,1.1009,3.4156,0.5153,1.0775,2.3822
192709,0.5352,1.1035,3.3878,0.5111,1.0764,2.3754
192710,0.5348,1.0997,3.3685,0.5089,1.0759,2.3944
192711,0.537,1.1019,3.3664,0.5114,1.0733,2.3589
192712,0.5384,1.0981,3.3744,0.5108,1.074,2.3713
192801,0.5371,1.0992,3.3262,0.5096,1.0745,2.3726
192802,0.5383,1.0978,3.3354,0.5111,1.0749,2.3497
192803,0.5427,1.0964,3.3293,0.5114,1.0754,2.3411
192804,0.5451,1.0962,3.3787,0.5048,1.0752,2.385
192805,0.5501,1.0878,3.5415,0.5079,1.0716,2.4002
192806,0.548,1.0901,3.5456,0.508,1.0723,2.3827
192807,0.4024,0.9284,2.7381,0.3415,0.8825,1.7555
192808,0.403,0.9295,2.7556,0.342,0.8835,1.7579
192809,0.4016,0.9312,2.7137,0.3427,0.8818,1.759
192810,0.3987,0.9342,2.7799,0.342,0.8815,1.7591
192811,0.3977,0.9333,2.7653,0.342,0.8798,1.7515
192812,0.3956,0.9355,2.8173,0.3431,0.8787,1.7532
192901,0.4052,0.9366,2.8201,0.3438,0.8776,1.7439
192902,0.4037,0.9386,2.8346,0.3453,0.8735,1.7419
192903,0.4044,0.9421,2.8177,0.3455,0.8726,1.735
192904,0.4037,0.9471,2.8563,0.343,0.8719,1.7304
192905,0.4014,0.9455,2.808,0.3436,0.8702,1.7258
192906,0.3998,0.9476,2.7727,0.3464,0.8733,1.7476
192907,0.3299,0.7097,2.0998,0.2641,0.7261,1.3864
192908,0.3313,0.7065,2.1015,0.2659,0.7272,1.3899
192909,0.3336,0.7077,2.1044,0.267,0.7286,1.3876
192910,0.3347,0.7035,2.0807,0.2694,0.7269,1.3862
192911,0.3405,0.7085,2.0653,0.2715,0.7321,1.3847
192912,0.3421,0.7122,2.0412,0.2713,0.7342,1.3815
193001,0.341,0.7116,2.0639,0.2717,0.7348,1.392
193002,0.3412,0.7097,2.0821,0.2716,0.7347,1.391
193003,0.3432,0.7093,2.0903,0.2724,0.7328,1.3926
193004,0.3395,0.7149,2.081,0.2724,0.7332,1.3902
193005,0.3391,0.7134,2.0473,0.2719,0.7309,1.3888
193006,0.3407,0.7121,2.0321,0.273,0.731,1.3863
193007,0.5126,1.1616,3.7538,0.397,0.9462,2.0504
193008,0.5119,1.1566,3.6929,0.3938,0.9428,2.0448
193009,0.5135,1.1575,3.7059,0.393,0.9427,2.0461
193010,0.5107,1.1559,3.6942,0.3946,0.9447,2.0324
193011,0.5101,1.157,3.747,0.3972,0.9436,2.0237
193012,0.5144,1.1573,3.715,0.3998,0.9404,2.0249
193101,0.5184,1.1569,3.7252,0.3988,0.9382,2.0091
193102,0.5171,1.1536,3.752,0.3999,0.9437,2.019
193103,0.522,1.1492,3.7786,0.3981,0.9397,2.026
193104,0.518,1.1557,3.7503,0.3968,0.9403,2.0232
193105,0.5176,1.1582,3.7975,0.3973,0.9398,2.0178
193106,0.516,1.1568,3.7857,0.3966,0.9349,2.0132
193107,0.7488,1.8958,7.5132,0.5859,1.6451,4.1057
193108,0.747,1.8956,7.4905,0.5856,1.6402,4.0968
193109,0.7465,1.8922,7.3397,0.6015,1.6438,4.11
193110,0.758,1.9127,7.4378,0.607,1.6053,4.052
193111,0.7546,1.9101,7.3133,0.6065,1.6137,4.0623
193112,0.7379,1.9129,7.2254,0.6068,1.6093,4.0666
193201,0.7477,1.9317,7.1731,0.6035,1.5937,4.0269
193202,0.7441,1.9423,7.3376,0.6054,1.6093,4.0414
193203,0.7343,1.9247,7.3795,0.609,1.602,4.0613
193204,0.737,1.9285,7.2417,0.6116,1.5925,4.0481
193205,0.7469,1.9119,7.0627,0.6131,1.6025,4.0222
193206,0.7498,1.9336,7.0492,0.6244,1.5851,4.0155
193207,1.2074,3.5957,15.5902,1.0084,3.4407,9.3463
193208,1.198,3.6011,15.532,1.0067,3.4747,9.4296
193209,1.1767,3.6319,15.6916,1.0063,3.5034,9.6485
193210,1.1731,3.6661,15.6561,0.9972,3.5174,9.5911
193211,1.1772,3.6628,15.8422,1.0053,3.5135,9.5071
193212,1.1734,3.6403,15.6009,1.0111,3.5084,9.3344
193301,1.1561,3.61,15.5776,1.0064,3.4595,9.3448
193302,1.1708,3.5956,15.6087,1.0098,3.4731,9.5167
193303,1.2005,3.6323,15.8927,1.0132,3.4756,9.4425
193304,1.1998,3.6635,16.2428,1.0086,3.4662,9.4242
193305,1.1696,3.6359,16.5398,0.9968,3.4777,9.5049
193306,1.1421,3.661,16.0686,0.9945,3.4952,9.6804
193307,1.1971,3.8393,20.8706,1.0604,3.5631,10.7893
193308,1.1888,3.8482,22.6821,1.0617,3.5779,10.8913
193309,1.1972,3.8477,22.4131,1.069,3.5601,10.9689
193310,1.1868,3.8011,21.1746,1.0723,3.5197,10.6362
193311,1.1882,3.7879,20.9403,1.0753,3.4812,10.5546
193312,1.1836,3.7714,20.2497,1.0781,3.4892,10.5234
193401,1.2047,3.7276,20.0543,1.0826,3.5264,10.6504
193402,1.1941,3.773,20.7534,1.0795,3.547,11.0167
193403,1.1998,3.7854,20.6667,1.0853,3.5473,11.0165
193404,1.1907,3.7748,20.8443,1.0844,3.5366,11.0407
193405,1.1956,3.7853,20.6126,1.0836,3.5116,10.9793
193406,1.2028,3.7714,20.3778,1.0814,3.4923,10.8309
193407,0.7282,1.7968,8.6143,0.5687,1.469,4.9292
193408,0.7316,1.7854,8.4664,0.5662,1.4495,4.7773
193409,0.7281,1.7902,8.5404,0.5682,1.4534,4.8594
193410,0.7312,1.7751,8.5457,0.5672,1.4542,4.8944
193411,0.7323,1.7613,8.5412,0.5644,1.4476,4.8787
193412,0.7373,1.7663,8.1124,0.5632,1.4544,4.76
193501,0.7328,1.7648,7.9313,0.5645,1.4571,4.7319
193502,0.7357,1.7663,8.0173,0.562,1.4526,4.7183
193503,0.7355,1.7606,7.5824,0.5588,1.444,4.687
193504,0.7354,1.7581,7.3295,0.5615,1.4411,4.6612
193505,0.7596,1.7656,7.2848,0.5661,1.4437,4.6762
193506,0.7627,1.7589,7.124,0.5685,1.4438,4.6952
193507,0.639,1.6269,7.565,0.487,1.4064,5.3439
193508,0.6421,1.6197,7.6169,0.4874,1.4114,5.2466
193509,0.6393,1.6296,7.9865,0.4877,1.4154,5.275
193510,0.6406,1.6302,7.6233,0.487,1.4156,5.2505
193511,0.6425,1.6311,7.508,0.4888,1.4211,5.2706
193512,0.6382,1.6376,8.0487,0.4903,1.421,5.3587
193601,0.6368,1.6387,7.9394,0.4897,1.4275,5.312
193602,0.6356,1.6418,8.2571,0.4905,1.4383,5.3516
193603,0.6377,1.6516,8.0622,0.491,1.4353,5.3415
193604,0.6332,1.6509,7.9347,0.4896,1.4347,5.2876
193605,0.6356,1.6499,7.8045,0.4882,1.4292,5.2959
193606,0.6385,1.6478,7.9005,0.4878,1.4323,5.3566
193607,0.437,1.0621,6.0453,0.3255,0.9453,3.0082
193608,0.4372,1.058,5.9461,0.323,0.9473,3.0136
193609,0.4399,1.0602,5.9838,0.3238,0.9472,3.023
193610,0.4374,1.0598,6.0202,0.3236,0.9494,3.0246
193611,0.4365,1.0626,5.9104,0.322,0.9551,2.9732
193612,0.4373,1.0661,5.6585,0.3241,0.9556,2.9507
193701,0.4396,1.063,5.6905,0.3223,0.9622,2.9474
193702,0.4384,1.0668,5.6347,0.3218,0.9625,2.9582
193703,0.4391,1.0633,5.9208,0.3208,0.964,3.005
193704,0.4413,1.0672,6.0571,0.3205,0.9683,3.061
193705,0.4385,1.0653,5.9763,0.3211,0.9678,3.0936
193706,0.4389,1.0675,5.7964,0.32,0.9672,3.0862
193707,0.3168,0.7202,3.5229,0.2853,0.7002,1.9126
193708,0.3167,0.7195,3.5853,0.2866,0.7001,1.8999
193709,0.3162,0.7201,3.5149,0.2857,0.7,1.8825
193710,0.3172,0.7212,3.5008,0.2852,0.7014,1.8553
193711,0.3182,0.7223,3.5775,0.285,0.7015,1.8122
193712,0.3175,0.7226,3.556,0.2845,0.7034,1.7951
193801,0.3174,0.7241,3.3065,0.2821,0.7022,1.7679
193802,0.32,0.7235,3.3193,0.2824,0.7016,1.7547
193803,0.3187,0.7225,3.3023,0.2831,0.7001,1.7746
193804,0.3213,0.7251,3.0747,0.2823,0.7,1.6885
193805,0.3199,0.7257,3.1701,0.2836,0.7003,1.6885
193806,0.3223,0.7235,3.1432,0.2831,0.7009,1.6958
193807,0.6705,1.5145,7.4433,0.5794,1.3343,4.134
193808,0.6712,1.503,7.3782,0.5785,1.3331,4.2334
193809,0.6716,1.5045,7.2059,0.5786,1.3331,4.2086
193810,0.6721,1.5056,7.1474,0.5781,1.3327,4.1577
193811,0.6697,1.5034,7.0105,0.5782,1.3452,4.2231
193812,0.6712,1.5057,6.7434,0.5789,1.3402,4.2015
193901,0.6717,1.5037,6.8198,0.5773,1.3381,4.2903
193902,0.6691,1.5053,6.7778,0.5791,1.338,4.2226
193903,0.6715,1.5045,6.8336,0.5815,1.3436,4.2385
193904,0.6748,1.5097,6.786,0.5822,1.3344,4.0631
193905,0.6734,1.5062,6.6413,0.5838,1.3339,4.0982
193906,0.6757,1.5092,6.5951,0.5839,1.3351,4.1251
193907,0.4542,1.1276,5.4996,0.3788,1.0427,3.1105
193908,0.4545,1.1235,5.4078,0.3803,1.0445,3.2099
193909,0.4548,1.1287,5.2898,0.3787,1.0409,3.1147
193910,0.4448,1.127,6.5416,0.382,1.0598,3.2165
193911,0.4488,1.1309,6.242,0.381,1.0559,3.2
193912,0.4503,1.1355,5.5234,0.3798,1.0486,3.1354
194001,0.4482,1.1328,5.32,0.379,1.0478,3.1372
194002,0.4467,1.1333,5.2884,0.379,1.0445,3.1012
194003,0.447,1.1299,5.2618,0.3799,1.0438,3.0804
194004,0.4422,1.1282,5.2571,0.3791,1.0462,3.0723
194005,0.4372,1.1294,5.1698,0.3789,1.0463,3.0502
194006,0.4463,1.125,5.1843,0.3753,1.0416,2.9366
194007,0.5351,1.2254,5.172,0.4462,1.1358,3.3871
194008,0.5334,1.2243,5.1274,0.4457,1.137,3.3712
194009,0.5316,1.2196,5.0356,0.4447,1.1378,3.3873
194010,0.5322,1.215,4.9404,0.4428,1.1358,3.3932
194011,0.5293,1.2182,4.861,0.4452,1.1433,3.382
194012,0.5278,1.2156,4.6759,0.4485,1.1439,3.3162
194101,0.5276,1.2177,4.5876,0.4481,1.1451,3.2997
194102,0.5314,1.2212,4.7256,0.4504,1.1467,3.3654
194103,0.5287,1.2212,4.7325,0.4515,1.1454,3.3685
194104,0.5284,1.2221,4.8209,0.4509,1.1453,3.3979
194105,0.5267,1.2241,4.8344,0.4501,1.1478,3.4297
194106,0.5275,1.2254,4.8471,0.4499,1.1472,3.4163
194107,0.6265,1.3985,6.6891,0.5175,1.284,3.9506
194108,0.6236,1.4053,7.3502,0.5159,1.287,4.1053
194109,0.6212,1.4042,7.338,0.5162,1.2866,4.1035
194110,0.624,1.4028,6.9596,0.5162,1.2875,4.057
194111,0.6318,1.399,6.8216,0.5176,1.2902,3.9835
194112,0.6315,1.3974,6.5961,0.5165,1.2905,3.9504
194201,0.6334,1.3913,6.4213,0.5108,1.286,3.9694
194202,0.6291,1.4018,8.1057,0.5169,1.2868,4.1132
194203,0.628,1.4028,7.9304,0.5197,1.2868,4.204
194204,0.6292,1.3944,7.6283,0.5193,1.2895,4.1865
194205,0.6307,1.3979,7.7414,0.5154,1.2905,4.1757
194206,0.6323,1.3983,7.3123,0.5156,1.2885,4.1257
194207,0.8546,1.7323,8.5034,0.6729,1.6354,5.1096
194208,0.8564,1.7357,8.5849,0.6756,1.635,5.2105
194209,0.8573,1.7339,8.9536,0.677,1.6364,5.2069
194210,0.8583,1.7406,9.6909,0.6749,1.6345,5.2746
194211,0.8565,1.7435,9.4473,0.675,1.6425,5.4207
194212,0.8547,1.7362,8.4931,0.6737,1.6319,5.3792
194301,0.8574,1.7359,8.6718,0.6711,1.6325,5.3068
194302,0.8546,1.7408,9.7596,0.6701,1.6366,5.3411
194303,0.8525,1.7425,12.4292,0.6748,1.6428,5.479
194304,0.8514,1.747,11.0146,0.6759,1.6461,5.6702
194305,0.8491,1.7514,11.1958,0.6775,1.6478,5.9931
194306,0.8504,1.7528,11.7695,0.6766,1.648,6.0161
194307,0.8277,1.6611,8.1316,0.6727,1.5282,4.8067
194308,0.8293,1.6603,7.9223,0.6745,1.5241,4.7018
194309,0.8271,1.6597,7.7085,0.6757,1.5233,4.6738
194310,0.8241,1.6597,7.7069,0.6747,1.5265,4.6997
194311,0.8255,1.6598,7.5689,0.6765,1.5284,4.6886
194312,0.8257,1.6578,7.043,0.6759,1.5235,4.5392
194401,0.825,1.6591,7.1104,0.6772,1.5274,4.6504
194402,0.8258,1.6613,7.1109,0.678,1.5273,4.7263
194403,0.8247,1.6606,7.4121,0.6785,1.5268,4.8037
194404,0.8247,1.6601,7.6065,0.6765,1.5297,4.8057
194405,0.8255,1.6607,7.1832,0.6766,1.5291,4.7438
194406,0.8244,1.6594,7.1952,0.677,1.5309,4.7638
194407,0.6395,1.274,3.9069,0.5576,1.1441,3.3105
194408,0.6409,1.2757,3.9349,0.5575,1.1444,3.3208
194409,0.6456,1.2753,3.8644,0.5573,1.1443,3.2905
194410,0.6437,1.2752,3.8302,0.5567,1.1462,3.2951
194411,0.6456,1.2745,3.7853,0.5569,1.1454,3.2919
194412,0.6463,1.274,3.8068,0.5574,1.1457,3.3157
194501,0.6481,1.2761,4.0961,0.5575,1.1461,3.4544
194502,0.6505,1.2772,3.996,0.5564,1.1471,3.3608
194503,0.6501,1.2759,4.1335,0.5562,1.1469,3.4224
194504,0.6489,1.2759,4.1478,0.5575,1.1466,3.432
194505,0.6481,1.277,4.2827,0.5558,1.1457,3.5184
194506,0.6493,1.2775,4.4274,0.5582,1.1453,3.5757
194507,0.5171,1.0086,2.8657,0.4452,0.9274,2.4631
194508,0.5158,1.0095,2.8124,0.4445,0.9266,2.4176
194509,0.5165,1.0069,2.7636,0.4449,0.9261,2.372
194510,0.5184,1.0078,2.7392,0.4428,0.9273,2.4017
194511,0.5161,1.0082,2.7256,0.4426,0.9281,2.3964
194512,0.519,1.0099,2.6775,0.4435,0.9282,2.4527
194601,0.5192,1.0106,2.7288,0.4436,0.9283,2.4489
194602,0.5197,1.0138,2.7656,0.4445,0.9285,2.4684
194603,0.5185,1.0133,2.7433,0.4432,0.9275,2.4549
194604,0.5211,1.0144,2.6556,0.4436,0.9285,2.433
194605,0.5218,1.0131,2.6364,0.4444,0.9296,2.4031
194606,0.5246,1.0128,2.6444,0.4446,0.9292,2.4629
194607,0.3604,0.6956,1.9162,0.3378,0.7007,1.5188
194608,0.3602,0.6966,1.8866,0.3371,0.7013,1.4958
194609,0.3614,0.6966,1.8675,0.3368,0.7017,1.4824
194610,0.3619,0.6971,1.8424,0.3374,0.7022,1.4466
194611,0.3613,0.6971,1.8516,0.3383,0.7034,1.459
194612,0.3625,0.6964,1.8569,0.338,0.7036,1.4599
194701,0.3652,0.6963,1.832,0.3381,0.7024,1.4607
194702,0.3666,0.6968,1.8535,0.3388,0.7025,1.4571
194703,0.3662,0.6961,1.8497,0.3386,0.702,1.4578
194704,0.3667,0.6968,1.8216,0.3387,0.7031,1.4448
194705,0.3671,0.6965,1.7992,0.3384,0.7044,1.4337
194706,0.3676,0.6973,1.7767,0.3386,0.7058,1.4285
194707,0.461,0.8579,2.3866,0.4121,0.8296,2.0344
194708,0.4614,0.8567,2.424,0.4124,0.8296,2.0577
194709,0.4619,0.8565,2.3839,0.4122,0.8287,2.0498
194710,0.461,0.855,2.3678,0.4121,0.8289,2.0568
194711,0.4615,0.8553,2.3304,0.413,0.8285,2.0251
194712,0.4618,0.8546,2.3283,0.4123,0.8281,2.0142
194801,0.4624,0.8538,2.4147,0.4121,0.828,2.0407
194802,0.46,0.854,2.4803,0.4128,0.8281,2.0565
194803,0.4586,0.8541,2.4524,0.4133,0.8282,2.0529
194804,0.458,0.8547,2.4331,0.414,0.8283,2.0512
194805,0.4592,0.8542,2.5111,0.4141,0.828,2.055
194806,0.4608,0.854,2.5231,0.4155,0.8273,2.059
194807,0.576,1.0215,2.6937,0.4931,0.946,2.3457
194808,0.5757,1.0204,2.719,0.4934,0.9459,2.3469
194809,0.5771,1.0196,2.7097,0.4941,0.9461,2.3601
194810,0.5768,1.0188,2.686,0.4933,0.9458,2.3442
194811,0.5783,1.0191,2.7094,0.4937,0.945,2.3356
194812,0.5787,1.0183,2.685,0.4933,0.9434,2.2998
194901,0.5788,1.0183,2.7064,0.492,0.9425,2.2875
194902,0.5787,1.0192,2.684,0.4912,0.9446,2.2765
194903,0.5793,1.0191,2.6381,0.4909,0.9454,2.2558
194904,0.5786,1.0181,2.6339,0.49,0.9463,2.2627
194905,0.5791,1.0179,2.6384,0.4894,0.9461,2.2511
194906,0.5789,1.0176,2.583,0.4892,0.9458,2.2462
194907,0.716,1.2683,3.2278,0.625,1.2074,2.6986
194908,0.714,1.2684,3.241,0.6235,1.2069,2.6897
194909,0.7147,1.2667,3.2246,0.6227,1.2062,2.6941
194910,0.7142,1.2677,3.2691,0.6205,1.206,2.7098
194911,0.7132,1.2685,3.2964,0.6195,1.2049,2.6971
194912,0.7178,1.2662,3.2937,0.6191,1.2061,2.7047
195001,0.7218,1.2699,3.3422,0.6165,1.2064,2.7527
195002,0.7212,1.2693,3.3977,0.616,1.2073,2.7817
195003,0.7196,1.2712,3.3822,0.6153,1.2073,2.7901
195004,0.7251,1.2714,3.4123,0.6149,1.2066,2.7937
195005,0.726,1.272,3.4183,0.6122,1.2063,2.7864
195006,0.7264,1.2714,3.4082,0.6125,1.2063,2.7559
195007,0.6522,1.2181,2.9613,0.5343,1.128,2.7417
195008,0.6524,1.2237,3.0694,0.5363,1.1345,2.7836
195009,0.6525,1.2236,3.0265,0.5347,1.1342,2.7638
195010,0.6545,1.2226,3.0336,0.5361,1.1358,2.8037
195011,0.6539,1.2214,3.0452,0.5365,1.135,2.7954
195012,0.6543,1.2207,3.1045,0.5345,1.1354,2.8139
195101,0.649,1.2236,3.239,0.534,1.1378,2.8849
195102,0.6491,1.2216,3.2249,0.5346,1.14,2.9109
195103,0.6499,1.2215,3.2323,0.5347,1.1391,2.9077
195104,0.6523,1.2187,3.1864,0.5346,1.1376,2.8745
195105,0.6528,1.2184,3.1719,0.5323,1.1397,2.8692
195106,0.6533,1.2182,3.1304,0.5312,1.1386,2.8491
195107,0.6312,1.0685,2.2928,0.5225,1.0399,2.0174
195108,0.6325,1.0682,2.3244,0.5216,1.042,2.0359
195109,0.6328,1.0686,2.3085,0.5237,1.0416,2.0255
195110,0.6328,1.0681,2.3217,0.5246,1.0418,2.0429
195111,0.6324,1.0689,2.2912,0.5266,1.0425,2.0237
195112,0.6334,1.0682,2.2921,0.5275,1.0418,2.0402
195201,0.6314,1.0696,2.2902,0.5249,1.042,2.0357
195202,0.6315,1.07,2.3002,0.5276,1.0433,2.0324
195203,0.632,1.0692,2.3023,0.527,1.0432,2.0518
195204,0.6318,1.0698,2.3215,0.5267,1.044,2.0769
195205,0.6305,1.0703,2.3328,0.5278,1.0423,2.0807
195206,0.6314,1.0706,2.3341,0.5263,1.0428,2.093
195207,0.591,1.0802,2.3635,0.5266,0.988,2.3284
195208,0.5883,1.081,2.3599,0.527,0.9877,2.3196
195209,0.5884,1.0809,2.3345,0.5271,0.9875,2.319
195210,0.5867,1.0811,2.313,0.5266,0.9864,2.3163
195211,0.5852,1.0814,2.3266,0.5271,0.9853,2.3209
195212,0.5862,1.0809,2.3343,0.5241,0.9851,2.3444
195301,0.5851,1.0814,2.3508,0.5247,0.9861,2.3517
195302,0.5828,1.0819,2.3529,0.5246,0.9862,2.3635
195303,0.5812,1.0824,2.3453,0.5256,0.9864,2.355
195304,0.5841,1.0824,2.3385,0.5247,0.987,2.3561
195305,0.5846,1.0825,2.3269,0.5247,0.987,2.3531
195306,0.5853,1.0823,2.3559,0.5243,0.9881,2.3774
195307,0.594,1.1069,2.3242,0.5217,1.0079,2.1673
195308,0.5938,1.1054,2.323,0.5225,1.007,2.1658
195309,0.5943,1.1039,2.3043,0.5213,1.005,2.1459
195310,0.5931,1.1046,2.2974,0.5206,1.0031,2.1397
195311,0.5939,1.1032,2.3012,0.52,1.0036,2.1354
195312,0.5928,1.1023,2.3041,0.5182,1.0023,2.1212
195401,0.5915,1.1023,2.291,0.5177,1.0008,2.1032
195402,0.5906,1.1018,2.2946,0.5197,1.0031,2.1084
195403,0.5909,1.101,2.2945,0.5194,1.0024,2.1272
195404,0.5888,1.1004,2.2949,0.5178,1.0019,2.1175
195405,0.5894,1.0991,2.3173,0.5176,1.0013,2.0966
195406,0.5912,1.099,2.3073,0.5167,1.003,2.0963
195407,0.6362,1.2985,3.0014,0.5512,1.1239,2.6314
195408,0.6348,1.2985,2.9907,0.553,1.123,2.6184
195409,0.6354,1.2988,2.999,0.554,1.122,2.6221
195410,0.635,1.2985,2.9771,0.5528,1.1226,2.5986
195411,0.6349,1.2977,2.9739,0.5533,1.1233,2.607
195412,0.6323,1.2995,2.9736,0.5503,1.1251,2.6137
195501,0.6362,1.3015,3.022,0.5505,1.1294,2.6569
195502,0.6354,1.302,3.0675,0.5517,1.1265,2.6407
195503,0.6373,1.3049,3.1225,0.551,1.1283,2.6624
195504,0.634,1.3061,3.0944,0.5507,1.1277,2.6545
195505,0.6341,1.3042,3.1214,0.5476,1.1279,2.6628
195506,0.6344,1.3047,3.1234,0.5456,1.1285,2.6661
195507,0.4805,0.9269,2.0115,0.4254,0.8781,1.8518
195508,0.4797,0.926,2.0203,0.4267,0.8777,1.8587
195509,0.4787,0.9256,2.0229,0.4259,0.878,1.8465
195510,0.4799,0.9264,2.0235,0.4264,0.8794,1.8448
195511,0.4798,0.9274,2.0187,0.4278,0.8795,1.844
195512,0.4798,0.9256,2.0337,0.4278,0.8797,1.8355
195601,0.4779,0.9255,2.0525,0.4283,0.8797,1.8392
195602,0.4795,0.9275,2.0383,0.4303,0.8797,1.8222
195603,0.48,0.927,2.0198,0.4295,0.8801,1.822
195604,0.4808,0.9269,2.0183,0.4313,0.8812,1.8317
195605,0.481,0.9281,2.0329,0.4336,0.8815,1.8277
195606,0.4801,0.9275,2.0204,0.4327,0.8798,1.8145
195607,0.4715,0.8636,1.8277,0.3779,0.8175,1.6634
195608,0.4744,0.8633,1.8259,0.3789,0.8156,1.6551
195609,0.4729,0.8643,1.8122,0.3778,0.8156,1.6481
195610,0.4732,0.8675,1.8262,0.3783,0.8151,1.6533
195611,0.4722,0.8675,1.8267,0.3783,0.8149,1.6492
195612,0.4727,0.8679,1.8227,0.38,0.8159,1.6365
195701,0.4698,0.8663,1.8338,0.3808,0.8154,1.6363
195702,0.4716,0.8664,1.8307,0.3825,0.8165,1.6404
195703,0.4723,0.8673,1.83,0.3826,0.8161,1.6372
195704,0.4726,0.8665,1.8445,0.383,0.8165,1.6394
195705,0.4688,0.8667,1.8549,0.3818,0.8164,1.6343
195706,0.4652,0.8662,1.8584,0.3826,0.8168,1.6439
195707,0.5019,0.9304,2.0819,0.4022,0.8512,1.9217
195708,0.5012,0.9309,2.077,0.4019,0.8511,1.923
195709,0.5026,0.9301,2.0602,0.4027,0.8515,1.9213
195710,0.5043,0.9315,2.0398,0.4031,0.851,1.8997
195711,0.5061,0.9317,2.0051,0.403,0.85,1.881
195712,0.506,0.9307,1.996,0.4018,0.8498,1.8584
195801,0.5098,0.9298,1.9846,0.4021,0.8478,1.8427
195802,0.5098,0.9307,2.0047,0.4025,0.8482,1.844
195803,0.5111,0.9308,1.9855,0.4032,0.8472,1.8367
195804,0.5103,0.9311,1.989,0.4039,0.8466,1.8306
195805,0.5093,0.9312,2.0086,0.4053,0.8469,1.8334
195806,0.5082,0.932,2.0171,0.4055,0.8465,1.8297
195807,0.5546,1.1884,2.9247,0.4831,1.0212,2.6833
195808,0.5534,1.1888,2.9483,0.4808,1.022,2.6934
195809,0.5524,1.1878,2.9398,0.4801,1.0216,2.6734
195810,0.5489,1.1903,2.992,0.4805,1.0217,2.7228
195811,0.5416,1.1892,2.9784,0.4803,1.0209,2.7368
195812,0.5418,1.1861,2.9932,0.4797,1.0201,2.7371
195901,0.5438,1.1856,2.9613,0.4759,1.017,2.7354
195902,0.5424,1.1879,2.9674,0.4768,1.0173,2.71
195903,0.546,1.1872,2.9385,0.4718,1.0153,2.6884
195904,0.5465,1.1844,2.8901,0.4705,1.0164,2.6872
195905,0.5467,1.1831,2.8948,0.4666,1.017,2.7025
195906,0.5495,1.184,2.9002,0.4634,1.0173,2.6988
195907,0.4173,0.8452,1.8116,0.3488,0.7259,1.6968
195908,0.4141,0.8451,1.8062,0.3493,0.7258,1.6882
195909,0.4153,0.844,1.8031,0.3498,0.7248,1.6959
195910,0.4153,0.844,1.7983,0.349,0.7238,1.7104
195911,0.4144,0.8434,1.7807,0.3485,0.7234,1.7005
195912,0.4131,0.8442,1.7744,0.3446,0.7226,1.6974
196001,0.4147,0.8443,1.7668,0.3447,0.7229,1.6961
196002,0.4151,0.8437,1.7734,0.3458,0.7229,1.7006
196003,0.4159,0.8425,1.7658,0.3433,0.7222,1.6942
196004,0.417,0.8415,1.7604,0.3417,0.7212,1.6762
196005,0.4167,0.8403,1.7485,0.3399,0.7203,1.6721
196006,0.4177,0.8408,1.7404,0.3362,0.719,1.673
196007,0.3964,0.7742,1.784,0.3019,0.6911,1.5236
196008,0.3969,0.7738,1.7787,0.3033,0.6918,1.5126
196009,0.3968,0.7731,1.7662,0.3042,0.6927,1.5054
196010,0.3974,0.7729,1.7319,0.3053,0.6926,1.4973
196011,0.3994,0.773,1.7291,0.3068,0.6926,1.4867
196012,0.397,0.7724,1.7243,0.3059,0.693,1.4891
196101,0.3943,0.772,1.7173,0.3062,0.6929,1.4843
196102,0.3953,0.7741,1.7258,0.3072,0.693,1.4894
196103,0.3946,0.7731,1.726,0.3077,0.6927,1.49
196104,0.3934,0.772,1.7115,0.3078,0.6926,1.5008
196105,0.3937,0.7724,1.6929,0.3074,0.693,1.4818
196106,0.3947,0.7731,1.7007,0.308,0.6929,1.484
196107,0.3955,0.853,2.0402,0.357,0.7507,1.7873
196108,0.3955,0.8537,2.0267,0.3595,0.7504,1.794
196109,0.3976,0.8543,2.0408,0.3573,0.7487,1.8126
196110,0.399,0.8561,2.0416,0.356,0.7483,1.8294
196111,0.3997,0.8554,2.051,0.3543,0.748,1.8167
196112,0.3983,0.8545,2.0329,0.3569,0.7466,1.829
196201,0.3981,0.8554,2.0104,0.3594,0.7489,1.818
196202,0.4008,0.8552,2.0327,0.361,0.7507,1.8277
196203,0.4003,0.8558,2.0329,0.3621,0.7506,1.8104
196204,0.4007,0.8549,2.0186,0.3612,0.7505,1.8013
196205,0.4026,0.8577,2.026,0.3648,0.7505,1.8018
196206,0.4032,0.8578,2.0166,0.3679,0.752,1.7932
196207,0.3,0.7118,1.7626,0.2771,0.5995,1.4759
196208,0.2977,0.7113,1.7677,0.2745,0.5975,1.4819
196209,0.2953,0.7093,1.7581,0.2744,0.5971,1.4826
196210,0.2968,0.7089,1.7532,0.2769,0.5973,1.4784
196211,0.2966,0.7101,1.7519,0.2776,0.5966,1.4814
196212,0.2965,0.7114,1.7938,0.2758,0.5984,1.4974
196301,0.2968,0.7097,1.778,0.2769,0.5975,1.4911
196302,0.2969,0.7117,1.7877,0.2766,0.598,1.4887
196303,0.2981,0.7123,1.8002,0.2776,0.5979,1.5
196304,0.2991,0.714,1.7963,0.278,0.5988,1.4914
196305,0.2995,0.7146,1.7787,0.2776,0.6002,1.4977
196306,0.3027,0.7171,1.8046,0.2769,0.6012,1.5171
196307,0.3592,0.8334,2.0562,0.3699,0.7479,1.7073
196308,0.3605,0.8334,2.0432,0.37,0.7471,1.6961
196309,0.3606,0.8325,2.0681,0.3693,0.7486,1.7055
196310,0.3619,0.8315,2.0788,0.3696,0.749,1.7031
196311,0.3625,0.831,2.071,0.3681,0.7489,1.6789
196312,0.3637,0.8317,2.0632,0.369,0.7486,1.6989
196401,0.3645,0.8321,2.0595,0.3681,0.7484,1.7143
196402,0.3635,0.8328,2.0794,0.3675,0.7468,1.7296
196403,0.3639,0.8329,2.1441,0.3661,0.7485,1.7504
196404,0.3639,0.8337,2.1165,0.3655,0.7497,1.7313
196405,0.3656,0.8342,2.1379,0.3674,0.7497,1.7325
196406,0.3663,0.8348,2.1528,0.366,0.7508,1.7447
196407,0.339,0.7627,1.829,0.3302,0.6695,1.4489
196408,0.341,0.7626,1.8205,0.3303,0.6696,1.4423
196409,0.3419,0.7633,1.8018,0.3309,0.6702,1.4365
196410,0.3416,0.7635,1.8579,0.3298,0.671,1.4472
196411,0.3435,0.763,1.8753,0.3305,0.6702,1.461
196412,0.3446,0.7626,1.8649,0.3301,0.6701,1.459
196501,0.3434,0.7625,1.855,0.3302,0.6694,1.4601
196502,0.3433,0.7631,1.8614,0.3273,0.6709,1.4649
196503,0.3429,0.7632,1.8458,0.327,0.6719,1.4714
196504,0.343,0.7643,1.8858,0.3273,0.6731,1.475
196505,0.3448,0.765,1.8827,0.3258,0.6739,1.4725
196506,0.345,0.7655,1.8641,0.3259,0.6738,1.4682
196507,0.3249,0.6962,1.5615,0.2899,0.6151,1.3603
196508,0.3247,0.697,1.5821,0.2891,0.6165,1.3683
196509,0.3242,0.6968,1.5951,0.2878,0.6167,1.3768
196510,0.3242,0.6963,1.5773,0.2877,0.6172,1.3781
196511,0.3243,0.6968,1.5698,0.2869,0.6187,1.3857
196512,0.3248,0.6963,1.5661,0.2863,0.6202,1.3973
196601,0.3235,0.6956,1.584,0.2859,0.6214,1.3992
196602,0.323,0.6959,1.5936,0.2854,0.6232,1.405
196603,0.3214,0.6953,1.6005,0.284,0.6236,1.4133
196604,0.3195,0.6955,1.5822,0.2828,0.6247,1.4013
196605,0.3183,0.6958,1.5831,0.2825,0.6256,1.4072
196606,0.3181,0.6965,1.5754,0.2822,0.6248,1.395
196607,0.2873,0.6005,1.3251,0.2521,0.5866,1.1357
196608,0.2874,0.5999,1.3196,0.252,0.5868,1.132
196609,0.2887,0.5998,1.32,0.2515,0.5875,1.1276
196610,0.2898,0.5999,1.3204,0.253,0.5874,1.126
196611,0.2909,0.6,1.3212,0.2542,0.5877,1.1242
196612,0.2881,0.5974,1.2992,0.2505,0.5876,1.1256
196701,0.286,0.5978,1.2963,0.2512,0.588,1.1273
196702,0.2843,0.5985,1.2906,0.2512,0.5887,1.1316
196703,0.2834,0.5966,1.2962,0.2491,0.5885,1.1338
196704,0.2827,0.5957,1.2861,0.2486,0.5889,1.1299
196705,0.2794,0.5961,1.2822,0.2471,0.5892,1.1263
196706,0.2803,0.5962,1.2793,0.2479,0.5891,1.1337
196707,0.3434,0.7417,1.5599,0.3023,0.7111,1.5777
196708,0.3434,0.7421,1.5581,0.3038,0.7115,1.5754
196709,0.3445,0.7419,1.5592,0.3037,0.7123,1.5763
196710,0.3412,0.7409,1.5517,0.3026,0.7109,1.5726
196711,0.3399,0.7407,1.5434,0.2986,0.7105,1.5702
196712,0.34,0.739,1.5433,0.2971,0.7101,1.5744
196801,0.3365,0.7374,1.5623,0.2974,0.7104,1.5656
196802,0.3388,0.7376,1.5678,0.3008,0.7111,1.5472
196803,0.3413,0.7378,1.5698,0.3005,0.7105,1.548
196804,0.3419,0.7378,1.5571,0.2973,0.7108,1.552
196805,0.3388,0.7371,1.5669,0.2953,0.7115,1.5587
196806,0.3373,0.7362,1.5705,0.2933,0.7112,1.5662
196807,0.2351,0.5741,1.1721,0.2169,0.5619,1.0173
196808,0.2356,0.5746,1.174,0.2189,0.5637,1.0107
196809,0.2358,0.5745,1.1747,0.2189,0.5641,1.01
196810,0.233,0.5731,1.1719,0.2212,0.5642,1.0176
196811,0.2343,0.5738,1.1684,0.2241,0.5646,1.0141
196812,0.2335,0.5749,1.162,0.2213,0.564,1.0116
196901,0.2334,0.5739,1.1622,0.2217,0.5645,1.0142
196902,0.2343,0.5734,1.1633,0.2225,0.5644,1.02
196903,0.2359,0.574,1.1544,0.2223,0.564,1.0143
196904,0.2352,0.5742,1.1515,0.2219,0.5649,1.0108
196905,0.2356,0.5741,1.1493,0.221,0.5647,0.9927
196906,0.2353,0.5744,1.147,0.2203,0.5651,0.99
196907,0.2034,0.4746,0.935,0.1966,0.5005,0.861
196908,0.2039,0.4754,0.9279,0.1961,0.5001,0.8604
196909,0.2037,0.4741,0.9279,0.1954,0.5004,0.8592
196910,0.203,0.4745,0.927,0.1953,0.4994,0.8599
196911,0.2015,0.4732,0.9239,0.1949,0.4988,0.8587
196912,0.2016,0.4736,0.9264,0.1938,0.4985,0.8568
197001,0.2009,0.4725,0.9247,0.1928,0.4987,0.856
197002,0.2021,0.4736,0.9276,0.1935,0.4981,0.8598
197003,0.2024,0.4738,0.9293,0.194,0.4973,0.8548
197004,0.2042,0.4754,0.9266,0.1951,0.4972,0.8549
197005,0.2081,0.4772,0.9276,0.1958,0.4978,0.854
197006,0.2084,0.4778,0.9231,0.1962,0.4999,0.8523
197007,0.2936,0.6906,1.4417,0.2237,0.6968,1.2638
197008,0.2926,0.691,1.4368,0.2272,0.6983,1.2587
197009,0.2921,0.6905,1.4321,0.2266,0.6964,1.2595
197010,0.2903,0.6889,1.4373,0.225,0.6964,1.2667
197011,0.2914,0.6895,1.4379,0.2238,0.6969,1.2602
197012,0.292,0.6904,1.4285,0.2243,0.6965,1.2573
197101,0.2922,0.6906,1.4296,0.2258,0.697,1.2643
197102,0.2939,0.6898,1.4361,0.2266,0.6976,1.2665
197103,0.293,0.6887,1.4371,0.2265,0.696,1.2653
197104,0.291,0.688,1.4358,0.2258,0.695,1.2684
197105,0.2916,0.6888,1.4472,0.2269,0.6937,1.2768
197106,0.2906,0.6903,1.4407,0.2268,0.6929,1.2637
197107,0.3552,0.77,1.7071,0.2846,0.7822,1.4777
197108,0.3559,0.7689,1.7148,0.2853,0.7818,1.4702
197109,0.3564,0.7689,1.7586,0.2858,0.7816,1.487
197110,0.3555,0.7693,1.745,0.2851,0.7815,1.4849
197111,0.3553,0.7704,1.7118,0.2835,0.7819,1.4812
197112,0.3537,0.7704,1.6892,0.2827,0.7817,1.4794
197201,0.3536,0.7692,1.701,0.2822,0.781,1.4855
197202,0.3525,0.7686,1.6744,0.2808,0.7812,1.4925
197203,0.353,0.7671,1.6779,0.2794,0.7805,1.4903
197204,0.3533,0.7669,1.6753,0.2792,0.7798,1.4938
197205,0.3528,0.7677,1.675,0.2786,0.7795,1.4892
197206,0.3512,0.7675,1.6743,0.2765,0.7806,1.4898
197207,0.3181,0.715,1.5196,0.2401,0.7166,1.2045
197208,0.3194,0.7154,1.5074,0.2382,0.7169,1.2041
197209,0.3205,0.7163,1.5163,0.2403,0.7179,1.2019
197210,0.3194,0.7163,1.5112,0.2389,0.7182,1.1959
197211,0.3198,0.7178,1.5124,0.2385,0.7188,1.1922
197212,0.3199,0.7184,1.5172,0.2412,0.7193,1.1975
197301,0.3189,0.7181,1.522,0.2394,0.719,1.1922
197302,0.3205,0.7186,1.5163,0.2373,0.721,1.1881
197303,0.3236,0.7205,1.5232,0.2361,0.7205,1.1906
197304,0.3261,0.721,1.5269,0.2356,0.7219,1.1936
197305,0.3296,0.7229,1.5187,0.2364,0.7227,1.1903
197306,0.3288,0.723,1.5087,0.2346,0.722,1.1858
197307,0.2944,0.7403,1.5566,0.2269,0.7547,1.2968
197308,0.2905,0.7392,1.5708,0.2282,0.7523,1.2975
197309,0.2884,0.7392,1.5776,0.2286,0.7522,1.3007
197310,0.2881,0.7379,1.5778,0.2329,0.7524,1.3017
197311,0.2895,0.7376,1.584,0.2323,0.7504,1.3179
197312,0.2942,0.7393,1.6122,0.2297,0.7524,1.3202
197401,0.2923,0.7403,1.6112,0.2314,0.754,1.3344
197402,0.2926,0.7418,1.6234,0.2339,0.7555,1.33
197403,0.292,0.7421,1.6184,0.2352,0.7562,1.3337
197404,0.2924,0.7408,1.6111,0.2343,0.7564,1.3308
197405,0.2932,0.7417,1.6077,0.2337,0.7559,1.3381
197406,0.2925,0.7428,1.6003,0.231,0.7565,1.3299
197407,0.5348,1.2629,2.6584,0.3701,1.1505,2.1432
197408,0.5388,1.2629,2.6688,0.3788,1.1536,2.146
197409,0.5382,1.2654,2.683,0.3771,1.1518,2.1487
197410,0.5471,1.2653,2.678,0.3863,1.155,2.1475
197411,0.5427,1.2666,2.6918,0.3826,1.1551,2.1395
197412,0.5438,1.2687,2.6931,0.3846,1.1573,2.1359
197501,0.5432,1.268,2.6828,0.3884,1.1553,2.1249
197502,0.545,1.2669,2.7085,0.3911,1.1575,2.133
197503,0.5407,1.2658,2.7276,0.3824,1.1568,2.1318
197504,0.5422,1.2651,2.7159,0.3819,1.1573,2.1248
197505,0.5408,1.2661,2.7131,0.3822,1.1565,2.1239
197506,0.538,1.2672,2.7106,0.3836,1.1542,2.132
197507,0.8847,1.9293,4.005,0.6949,1.8124,3.5206
197508,0.8905,1.9303,4.013,0.7015,1.8066,3.5234
197509,0.8892,1.9294,3.9608,0.7026,1.8102,3.5019
197510,0.8882,1.9296,3.9484,0.707,1.8075,3.4993
197511,0.8898,1.9316,3.9301,0.702,1.8057,3.4794
197512,0.8952,1.9332,3.9306,0.6982,1.8076,3.4804
197601,0.8962,1.9323,3.9404,0.7045,1.8073,3.4808
197602,0.8972,1.935,3.9645,0.7036,1.8116,3.5078
197603,0.8969,1.941,4.0132,0.71,1.8089,3.5503
197604,0.8957,1.9408,4.016,0.7083,1.8083,3.5588
197605,0.8954,1.9401,4.0062,0.7137,1.8089,3.5661
197606,0.8937,1.9395,4.0001,0.7168,1.8077,3.5699
197607,0.6177,1.3843,2.6442,0.5213,1.3429,2.3289
197608,0.6198,1.3854,2.6419,0.5227,1.3425,2.3382
197609,0.6233,1.3851,2.6239,0.522,1.3418,2.3359
197610,0.6243,1.3847,2.6187,0.5239,1.3414,2.322
197611,0.6251,1.3862,2.6171,0.5247,1.3407,2.32
197612,0.6248,1.3858,2.6142,0.5275,1.3408,2.3273
197701,0.6248,1.3853,2.6315,0.5309,1.3409,2.3096
197702,0.6266,1.3848,2.6386,0.5354,1.3434,2.3144
197703,0.6278,1.3857,2.6371,0.5333,1.3439,2.311
197704,0.6259,1.3841,2.6345,0.5339,1.3443,2.3139
197705,0.6264,1.3864,2.6363,0.5398,1.3437,2.3109
197706,0.6265,1.3861,2.6367,0.541,1.3435,2.309
197707,0.5173,1.0864,1.9478,0.4816,1.0668,1.6767
197708,0.5174,1.0874,1.9444,0.4805,1.0687,1.6737
197709,0.5167,1.0876,1.9362,0.4768,1.0679,1.6707
197710,0.5174,1.0865,1.9325,0.4775,1.0686,1.6726
197711,0.5189,1.0879,1.9287,0.4777,1.0686,1.6688
197712,0.5192,1.0867,1.9359,0.4769,1.0684,1.6733
197801,0.5193,1.0863,1.9374,0.4764,1.0676,1.6716
197802,0.5194,1.0881,1.9412,0.4751,1.0683,1.6765
197803,0.5186,1.087,1.9418,0.4766,1.0688,1.6724
197804,0.5179,1.087,1.9571,0.4796,1.0686,1.6738
197805,0.5153,1.0872,1.9606,0.4775,1.066,1.6758
197806,0.5149,1.0863,1.9693,0.4771,1.0654,1.6762
197807,0.5442,1.1374,1.9778,0.5343,1.1153,1.7516
197808,0.5433,1.1374,1.9836,0.5331,1.1143,1.7551
197809,0.5418,1.1354,1.996,0.5334,1.1142,1.7556
197810,0.5417,1.1361,1.9972,0.5361,1.1147,1.7569
197811,0.5462,1.1377,1.9695,0.5336,1.1158,1.7479
197812,0.5439,1.1372,1.9637,0.5334,1.1165,1.7459
197901,0.5422,1.1347,1.9621,0.5296,1.1162,1.7401
197902,0.5403,1.1354,1.9782,0.5317,1.1156,1.7463
197903,0.5399,1.1341,1.9782,0.5322,1.1167,1.7428
197904,0.5367,1.1343,1.9835,0.5336,1.1151,1.7491
197905,0.5368,1.1344,1.9882,0.5331,1.1141,1.746
197906,0.538,1.1355,1.9952,0.5336,1.1134,1.7451
197907,0.5425,1.1982,2.065,0.5667,1.2096,1.946
197908,0.5414,1.198,2.0675,0.57,1.2085,1.9505
197909,0.5409,1.1977,2.0723,0.5713,1.2067,1.9534
197910,0.5397,1.1972,2.0673,0.5741,1.2062,1.9529
197911,0.5422,1.1963,2.0597,0.5737,1.2047,1.9474
197912,0.5377,1.1961,2.0641,0.5738,1.2052,1.9372
198001,0.5331,1.1958,2.0626,0.5759,1.2045,1.9434
198002,0.5319,1.1956,2.0705,0.5803,1.202,1.9624
198003,0.531,1.1952,2.0726,0.5831,1.2003,1.9649
198004,0.5336,1.1997,2.0729,0.5786,1.2016,1.9535
198005,0.5365,1.199,2.0636,0.5796,1.2042,1.943
198006,0.5358,1.1999,2.0679,0.5803,1.2035,1.9435
198007,0.4226,1.1058,1.9233,0.5284,1.0847,1.8252
198008,0.425,1.1052,1.9286,0.5247,1.0839,1.8412
198009,0.4231,1.1036,1.9279,0.523,1.083,1.8388
198010,0.4208,1.1033,1.9325,0.5228,1.0784,1.841
198011,0.4179,1.1047,1.9281,0.5236,1.0738,1.8337
198012,0.412,1.1025,1.93,0.5226,1.0648,1.8317
198101,0.4156,1.1037,1.9275,0.5185,1.0683,1.8274
198102,0.4192,1.1027,1.9336,0.5209,1.0732,1.8306
198103,0.4213,1.0993,1.9358,0.5216,1.0745,1.8325
198104,0.4226,1.0985,1.936,0.5211,1.0754,1.8474
198105,0.4248,1.0977,1.9378,0.5189,1.0801,1.8419
198106,0.4204,1.0966,1.9436,0.5152,1.0829,1.8442
198107,0.3339,1.0359,1.939,0.4412,0.9965,1.8602
198108,0.3337,1.0379,1.9345,0.441,0.9941,1.8569
198109,0.3366,1.0381,1.9297,0.4396,0.9939,1.8557
198110,0.34,1.0414,1.9253,0.4407,1.0016,1.8537
198111,0.3376,1.0417,1.9232,0.439,0.9974,1.8466
198112,0.34,1.0417,1.9212,0.4418,0.9977,1.849
198201,0.3435,1.041,1.9205,0.4414,0.9989,1.8512
198202,0.3452,1.0395,1.924,0.4414,1.0015,1.8503
198203,0.3491,1.0418,1.9262,0.4411,1.006,1.8518
198204,0.3519,1.0421,1.9242,0.4442,1.0051,1.852
198205,0.3516,1.0413,1.9275,0.4434,1.0048,1.8569
198206,0.3541,1.0415,1.9314,0.4446,1.0023,1.8628
198207,0.4217,1.1034,2.0303,0.5097,1.1192,1.8022
198208,0.4228,1.1027,2.026,0.5094,1.1207,1.8001
198209,0.4244,1.1024,2.0169,0.509,1.122,1.8023
198210,0.4235,1.1025,2.0169,0.5079,1.1202,1.7986
198211,0.4211,1.1025,2.0141,0.5054,1.1236,1.8048
198212,0.4198,1.1032,2.0162,0.5028,1.1275,1.8081
198301,0.42,1.0999,2.0105,0.5039,1.1278,1.8198
198302,0.4174,1.0998,2.0206,0.5032,1.1283,1.8134
198303,0.419,1.0997,2.0229,0.5032,1.1276,1.8171
198304,0.4222,1.1001,2.0239,0.5028,1.1275,1.8199
198305,0.4212,1.1009,2.0352,0.5028,1.1283,1.8301
198306,0.4204,1.0994,2.0377,0.5005,1.1277,1.8284
198307,0.3634,0.9987,1.8077,0.4008,1.0264,1.6552
198308,0.3668,1.0024,1.8033,0.4008,1.0277,1.6557
198309,0.3682,1.0037,1.8105,0.4019,1.0298,1.6564
198310,0.3711,1.0036,1.807,0.4017,1.0266,1.6551
198311,0.3746,1.0057,1.8013,0.4049,1.0261,1.6563
198312,0.3745,1.0053,1.8038,0.4052,1.0274,1.6456
198401,0.3771,1.0045,1.8064,0.4061,1.0277,1.6483
198402,0.3777,1.0072,1.813,0.409,1.0298,1.6522
198403,0.3794,1.0083,1.8013,0.4087,1.0321,1.6595
198404,0.3791,1.0089,1.8139,0.4094,1.0308,1.6623
198405,0.3817,1.0074,1.8088,0.4083,1.0296,1.6602
198406,0.3835,1.0105,1.7956,0.4092,1.0295,1.6297
198407,0.3235,0.8064,1.4542,0.3688,0.8185,1.3633
198408,0.3246,0.8087,1.453,0.3686,0.8189,1.366
198409,0.3235,0.8079,1.4518,0.3674,0.8188,1.365
198410,0.3267,0.8067,1.453,0.3699,0.8217,1.3657
198411,0.3284,0.8086,1.4511,0.371,0.8186,1.3671
198412,0.3299,0.8125,1.4489,0.3724,0.8188,1.3693
198501,0.3299,0.812,1.4485,0.3721,0.8207,1.3693
198502,0.3272,0.8112,1.4529,0.3702,0.8207,1.3674
198503,0.3269,0.8113,1.4536,0.371,0.8214,1.367
198504,0.3271,0.813,1.4575,0.3727,0.8209,1.3669
198505,0.3279,0.8151,1.4528,0.3725,0.8221,1.3655
198506,0.3284,0.8158,1.4535,0.3732,0.8202,1.3729
198507,0.3937,0.9141,1.6907,0.4443,0.946,1.5038
198508,0.3945,0.9129,1.7049,0.4442,0.9449,1.5062
198509,0.3948,0.9126,1.7055,0.443,0.9458,1.5055
198510,0.3965,0.9143,1.7026,0.4443,0.9446,1.5065
198511,0.3964,0.9129,1.6995,0.4443,0.9486,1.5075
198512,0.3943,0.9115,1.6978,0.4437,0.947,1.5054
198601,0.3941,0.9099,1.7019,0.4433,0.9472,1.503
198602,0.3926,0.9089,1.7122,0.4434,0.9463,1.5101
198603,0.3936,0.9084,1.6953,0.4447,0.9453,1.513
198604,0.3952,0.908,1.6938,0.4444,0.9458,1.5147
198605,0.3934,0.9065,1.6721,0.4429,0.9448,1.5149
198606,0.394,0.907,1.6672,0.4418,0.9463,1.5117
198607,0.3135,0.7595,1.3911,0.3713,0.7937,1.2935
198608,0.3146,0.7598,1.3795,0.372,0.7955,1.2898
198609,0.3157,0.7597,1.3795,0.3729,0.7982,1.2925
198610,0.3154,0.7601,1.3789,0.3735,0.7995,1.2994
198611,0.3165,0.7609,1.3797,0.3731,0.7984,1.2994
198612,0.3171,0.7621,1.3823,0.373,0.7974,1.2977
198701,0.3183,0.7626,1.371,0.3729,0.7978,1.2989
198702,0.3185,0.7627,1.3743,0.3726,0.7989,1.2989
198703,0.3163,0.7622,1.3723,0.3707,0.7957,1.2987
198704,0.315,0.762,1.3735,0.3708,0.7971,1.3029
198705,0.3156,0.7624,1.3777,0.3711,0.7982,1.3035
198706,0.3152,0.7621,1.3919,0.3708,0.7987,1.2969
198707,0.2935,0.7237,1.4036,0.3381,0.7274,1.2083
198708,0.295,0.7231,1.4013,0.3381,0.7276,1.2104
198709,0.2957,0.7224,1.3956,0.3389,0.7268,1.2072
198710,0.2956,0.7229,1.3837,0.3405,0.729,1.2083
198711,0.298,0.7278,1.3811,0.3388,0.7335,1.2027
198712,0.3006,0.7285,1.3822,0.339,0.7342,1.2038
198801,0.2998,0.7277,1.3713,0.34,0.7324,1.2072
198802,0.299,0.7294,1.3794,0.3399,0.7352,1.2052
198803,0.3008,0.7267,1.3721,0.3396,0.7329,1.2063
198804,0.3018,0.7256,1.3714,0.3399,0.7342,1.2108
198805,0.3016,0.7261,1.375,0.3408,0.7343,1.2118
198806,0.3025,0.7261,1.3688,0.3402,0.7357,1.2132
198807,0.3698,0.8597,1.7061,0.362,0.8426,1.4452
198808,0.3703,0.8612,1.6829,0.3614,0.8422,1.4452
198809,0.3711,0.8611,1.6764,0.3619,0.8454,1.446
198810,0.3713,0.8613,1.6812,0.3614,0.8456,1.4519
198811,0.3715,0.8621,1.6543,0.3641,0.8453,1.4554
198812,0.3736,0.8616,1.662,0.3637,0.8451,1.4598
198901,0.3729,0.86,1.6606,0.3621,0.8435,1.4536
198902,0.3757,0.8613,1.6646,0.3614,0.8429,1.4561
198903,0.3766,0.8616,1.6591,0.3613,0.8436,1.4583
198904,0.3773,0.8601,1.6635,0.3616,0.845,1.4571
198905,0.3765,0.8596,1.6691,0.356,0.8456,1.4584
198906,0.3755,0.8595,1.6762,0.3565,0.8476,1.4584
198907,0.3495,0.7664,1.4893,0.3602,0.7687,1.2551
198908,0.3502,0.7654,1.483,0.3596,0.7695,1.2557
198909,0.3511,0.7662,1.4836,0.3607,0.7689,1.256
198910,0.3495,0.7666,1.4804,0.3602,0.7698,1.2554
198911,0.3482,0.7674,1.4706,0.3588,0.7707,1.2505
198912,0.3493,0.7666,1.4669,0.3592,0.7708,1.2494
199001,0.3493,0.7659,1.4587,0.3619,0.7742,1.2486
199002,0.3497,0.7668,1.4498,0.3621,0.7722,1.2505
199003,0.3506,0.7661,1.449,0.362,0.7707,1.2499
199004,0.3499,0.7661,1.4444,0.362,0.77,1.2495
199005,0.3506,0.766,1.4383,0.3609,0.7681,1.2473
199006,0.3503,0.7637,1.4376,0.3587,0.7654,1.2471
199007,0.2847,0.6977,1.3651,0.2845,0.6775,1.1769
199008,0.2854,0.6968,1.3578,0.2839,0.677,1.1772
199009,0.2863,0.6991,1.3478,0.2821,0.6769,1.1763
199010,0.2868,0.699,1.3334,0.2817,0.6759,1.1709
199011,0.2872,0.7004,1.3277,0.2806,0.6755,1.1707
199012,0.2862,0.7004,1.3204,0.2803,0.6758,1.169
199101,0.2868,0.6997,1.3144,0.2797,0.6757,1.1683
199102,0.2865,0.6993,1.3224,0.2808,0.6772,1.168
199103,0.2856,0.6978,1.3289,0.279,0.6766,1.1692
199104,0.2837,0.6976,1.3337,0.2781,0.6757,1.168
199105,0.2835,0.6973,1.3373,0.2779,0.676,1.1667
199106,0.2835,0.697,1.3415,0.278,0.6762,1.1692
199107,0.3583,0.9076,2.1606,0.3314,0.8386,1.5987
199108,0.3572,0.9068,2.1525,0.3281,0.839,1.5984
199109,0.3561,0.9071,2.1507,0.3263,0.8404,1.5999
199110,0.3542,0.9089,2.1351,0.3258,0.8413,1.5969
199111,0.3517,0.9097,2.1209,0.3243,0.8432,1.5966
199112,0.3497,0.9095,2.1066,0.3191,0.8441,1.5917
199201,0.3478,0.9077,2.0986,0.3165,0.845,1.598
199202,0.3478,0.9074,2.1492,0.3192,0.8462,1.6194
199203,0.3495,0.9072,2.1593,0.3201,0.8481,1.63
199204,0.3529,0.9086,2.1475,0.3215,0.8484,1.6343
199205,0.3555,0.909,2.1588,0.3244,0.8466,1.6429
199206,0.356,0.9098,2.1823,0.3233,0.8467,1.642
199207,0.2586,0.6808,1.5147,0.2325,0.6809,1.2753
199208,0.2589,0.6809,1.5053,0.2313,0.6803,1.2663
199209,0.2611,0.6817,1.4936,0.2307,0.6804,1.2563
199210,0.2617,0.6817,1.4859,0.2332,0.6798,1.2543
199211,0.2609,0.6805,1.4741,0.2331,0.6795,1.2586
199212,0.2606,0.6808,1.4731,0.2339,0.6792,1.2686
199301,0.2617,0.6808,1.4823,0.2359,0.6785,1.2711
199302,0.2638,0.6812,1.4981,0.2382,0.6793,1.2791
199303,0.2671,0.6831,1.5047,0.2407,0.6799,1.2746
199304,0.2678,0.6841,1.511,0.2417,0.679,1.2792
199305,0.268,0.6848,1.5027,0.2429,0.6791,1.2818
199306,0.2666,0.684,1.5068,0.243,0.6783,1.2825
199307,0.2443,0.6027,1.3127,0.245,0.6119,1.028
199308,0.2446,0.6036,1.299,0.2466,0.6123,1.0275
199309,0.2447,0.6029,1.298,0.2468,0.6125,1.0267
199310,0.2443,0.6032,1.3095,0.2469,0.6138,1.0268
199311,0.2434,0.6033,1.3092,0.2458,0.6133,1.026
199312,0.2438,0.6028,1.3062,0.2441,0.6127,1.0262
199401,0.2454,0.6025,1.3156,0.2449,0.612,1.0174
199402,0.2452,0.6022,1.3174,0.2458,0.6118,1.0188
199403,0.2468,0.6011,1.3131,0.2455,0.6108,1.0202
199404,0.2482,0.602,1.3184,0.2462,0.611,1.0182
199405,0.2499,0.6016,1.3279,0.2456,0.6111,1.0187
199406,0.2493,0.6013,1.3271,0.247,0.6109,1.0202
199407,0.2148,0.5059,1.0389,0.2245,0.498,0.8098
199408,0.214,0.5059,1.0458,0.2248,0.4983,0.808
199409,0.2129,0.5052,1.0492,0.2239,0.4982,0.8064
199410,0.2129,0.5051,1.0397,0.2231,0.4989,0.8069
199411,0.2133,0.5046,1.0348,0.2226,0.499,0.8075
199412,0.2136,0.5043,1.0269,0.2216,0.4993,0.8084
199501,0.2144,0.5042,1.0286,0.2218,0.4996,0.8093
199502,0.2151,0.5044,1.0244,0.2222,0.5003,0.8085
199503,0.2156,0.5045,1.0308,0.2224,0.4999,0.8096
199504,0.2155,0.5039,1.0338,0.2224,0.4995,0.8103
199505,0.2165,0.504,1.0437,0.2229,0.4994,0.8117
199506,0.2162,0.5042,1.0488,0.2223,0.4999,0.8116
199507,0.2461,0.5641,1.0928,0.244,0.5437,0.9209
199508,0.2451,0.5642,1.0938,0.2441,0.5431,0.9207
199509,0.2451,0.5647,1.0943,0.2436,0.5437,0.9219
199510,0.245,0.5647,1.0956,0.2432,0.5441,0.9225
199511,0.2453,0.5659,1.0946,0.2423,0.544,0.9224
199512,0.2437,0.5657,1.0908,0.2413,0.5438,0.9211
199601,0.2429,0.5659,1.0908,0.2421,0.5427,0.9204
199602,0.2441,0.5651,1.0897,0.2414,0.5423,0.9209
199603,0.2441,0.5642,1.0883,0.2411,0.5417,0.9205
199604,0.2447,0.5643,1.087,0.2414,0.5416,0.9173
199605,0.2446,0.5633,1.0787,0.2413,0.5409,0.9178
199606,0.2435,0.5627,1.0774,0.2404,0.5415,0.9177
199607,0.1963,0.4959,0.9928,0.2024,0.4751,0.8356
199608,0.1996,0.4967,0.9871,0.2025,0.4746,0.8333
199609,0.1988,0.4966,0.9875,0.2025,0.4748,0.8342
199610,0.1978,0.4964,0.986,0.2019,0.4743,0.8356
199611,0.199,0.4976,0.9842,0.2022,0.4754,0.8355
199612,0.2007,0.4982,0.9813,0.2019,0.476,0.8353
199701,0.2005,0.4979,0.9816,0.2023,0.4753,0.8355
199702,0.2,0.4978,0.9821,0.2018,0.4747,0.8351
199703,0.2022,0.4998,0.9818,0.202,0.4759,0.8355
199704,0.2039,0.5001,0.9787,0.2034,0.4744,0.8361
199705,0.2049,0.5023,0.9765,0.2015,0.4745,0.8339
199706,0.2046,0.5011,0.977,0.2012,0.4732,0.8335
199707,0.1932,0.4705,0.9265,0.1897,0.4498,0.8265
199708,0.1942,0.4712,0.9268,0.1898,0.4508,0.8268
199709,0.1943,0.4706,0.928,0.1913,0.4502,0.8247
199710,0.1938,0.4709,0.9292,0.1918,0.4505,0.8251
199711,0.1941,0.4715,0.9287,0.1908,0.4513,0.8229
199712,0.1947,0.4727,0.9258,0.1905,0.452,0.8228
199801,0.194,0.4743,0.9203,0.191,0.453,0.8214
199802,0.1931,0.4737,0.9243,0.1896,0.4526,0.824
199803,0.1939,0.4734,0.9258,0.1891,0.4528,0.8252
199804,0.1935,0.4732,0.9295,0.1881,0.4536,0.827
199805,0.1943,0.4727,0.929,0.188,0.4526,0.8237
199806,0.1952,0.4734,0.9295,0.1881,0.4528,0.8286
199807,0.1844,0.4153,0.8272,0.1569,0.3919,0.7043
199808,0.1845,0.4151,0.8307,0.1564,0.3918,0.7065
199809,0.1861,0.4157,0.8264,0.1564,0.3922,0.7042
199810,0.1848,0.4153,0.8252,0.1554,0.3945,0.7064
199811,0.1853,0.4147,0.8222,0.1561,0.3924,0.7043
199812,0.184,0.4138,0.8211,0.1553,0.3915,0.705
199901,0.1839,0.4132,0.8208,0.1542,0.3928,0.7059
199902,0.1824,0.4118,0.8236,0.1522,0.3928,0.7072
199903,0.1825,0.4128,0.83,0.1528,0.392,0.7074
199904,0.1814,0.4114,0.8312,0.151,0.3919,0.7083
199905,0.1818,0.4105,0.8318,0.1536,0.3908,0.7045
199906,0.1827,0.4114,0.8335,0.154,0.3918,0.7064
199907,0.1908,0.4823,1.0989,0.1411,0.4484,0.9895
199908,0.1908,0.4823,1.0989,0.1416,0.4494,0.9898
199909,0.1907,0.4836,1.0968,0.1392,0.4494,0.9873
199910,0.1904,0.4833,1.1025,0.1389,0.4479,0.9885
199911,0.1886,0.4829,1.0892,0.1384,0.4455,0.9966
199912,0.1855,0.4809,1.0855,0.1358,0.4441,0.9894
200001,0.1839,0.4787,1.0828,0.1337,0.4427,0.9826
200002,0.185,0.4818,1.0862,0.1354,0.4417,0.9876
200003,0.1826,0.4793,1.0743,0.1333,0.44,0.9804
200004,0.1854,0.4805,1.0798,0.1337,0.4431,0.9564
200005,0.1898,0.4796,1.0642,0.136,0.4459,0.9608
200006,0.1938,0.4802,1.0651,0.1381,0.4472,0.9583
200007,0.1738,0.5748,1.3351,0.1285,0.5201,1.1995
200008,0.1786,0.5751,1.335,0.1304,0.5211,1.1867
200009,0.1782,0.5743,1.3192,0.1298,0.5209,1.188
200010,0.181,0.5745,1.3141,0.1322,0.5236,1.1685
200011,0.1861,0.5726,1.3137,0.1344,0.523,1.1692
200012,0.1939,0.575,1.3003,0.1384,0.5258,1.1557
200101,0.2001,0.5748,1.2856,0.1423,0.5269,1.1444
200102,0.1934,0.5746,1.3102,0.1406,0.5235,1.0958
200103,0.1992,0.5755,1.3167,0.1467,0.5261,1.1015
200104,0.2038,0.5754,1.3245,0.1503,0.5258,1.0986
200105,0.2023,0.5748,1.336,0.1485,0.5254,1.1032
200106,0.2019,0.5751,1.3449,0.1491,0.5258,1.0989
200107,0.2009,0.56,1.6889,0.1609,0.5199,1.2678
200108,0.2033,0.5632,1.6779,0.1612,0.5208,1.2858
200109,0.2048,0.5639,1.6958,0.1621,0.5208,1.2865
200110,0.2075,0.5657,1.6822,0.1609,0.5233,1.292
200111,0.2054,0.5625,1.6752,0.1601,0.5234,1.2803
200112,0.2042,0.563,1.6763,0.1597,0.5238,1.2796
200201,0.2048,0.563,1.6718,0.1615,0.5236,1.2797
200202,0.2052,0.5641,1.6563,0.1616,0.5243,1.271
200203,0.2068,0.5656,1.6525,0.1623,0.5227,1.2633
200204,0.2075,0.5652,1.6544,0.1639,0.5231,1.2606
200205,0.2102,0.5658,1.6749,0.1654,0.5239,1.2538
200206,0.2117,0.5675,1.6738,0.1663,0.5243,1.2515
200207,0.2312,0.542,1.2597,0.1932,0.5206,0.996
200208,0.2311,0.5432,1.2544,0.1913,0.5204,0.9933
200209,0.2304,0.5433,1.2424,0.1906,0.5215,0.9934
200210,0.2303,0.5435,1.2391,0.1899,0.5213,0.9869
200211,0.2279,0.5425,1.2331,0.1894,0.5215,0.9904
200212,0.2283,0.5416,1.23,0.19,0.5216,0.9896
200301,0.2289,0.5429,1.2239,0.1901,0.5235,0.9946
200302,0.2284,0.5432,1.2295,0.1898,0.5228,0.9954
200303,0.2301,0.5433,1.2329,0.1886,0.5225,0.9935
200304,0.2289,0.5437,1.2327,0.1871,0.5229,0.9941
200305,0.2279,0.543,1.2326,0.1881,0.5226,0.9914
200306,0.2275,0.5421,1.2311,0.1895,0.5223,0.9928
200307,0.2803,0.614,1.4089,0.2339,0.5788,1.0605
200308,0.2802,0.6145,1.4046,0.2353,0.5783,1.0573
200309,0.2805,0.615,1.4018,0.2368,0.5785,1.061
200310,0.281,0.6157,1.4212,0.236,0.5786,1.0647
200311,0.2815,0.6163,1.4251,0.2379,0.5793,1.065
200312,0.2813,0.616,1.4322,0.2379,0.5788,1.0669
200401,0.2817,0.6161,1.4398,0.2385,0.5784,1.0658
200402,0.2832,0.6159,1.4515,0.2383,0.5793,1.0721
200403,0.2839,0.6152,1.4462,0.2377,0.5789,1.0706
200404,0.2836,0.6158,1.4406,0.2377,0.5763,1.0695
200405,0.2837,0.6157,1.4417,0.2361,0.5764,1.0729
200406,0.2845,0.6154,1.4452,0.2366,0.5764,1.0795
200407,0.2162,0.4799,0.9095,0.2071,0.4613,0.823
200408,0.2181,0.4806,0.9107,0.2088,0.461,0.8227
200409,0.2189,0.4806,0.9083,0.2091,0.461,0.8217
200410,0.2172,0.4806,0.9067,0.2097,0.4614,0.8171
200411,0.2177,0.4796,0.9049,0.21,0.4614,0.816
200412,0.2173,0.4795,0.907,0.2103,0.4617,0.8163
200501,0.217,0.4792,0.9098,0.2093,0.4622,0.8168
200502,0.2177,0.4794,0.9091,0.2092,0.4627,0.8173
200503,0.2173,0.4794,0.9092,0.2106,0.4623,0.8112
200504,0.2186,0.4799,0.9091,0.2105,0.4631,0.8109
200505,0.2192,0.4798,0.9096,0.2103,0.4632,0.8097
200506,0.2197,0.479,0.9102,0.2097,0.4627,0.8102
200507,0.2083,0.4419,0.8044,0.2115,0.4434,0.7421
200508,0.2083,0.4416,0.8047,0.2112,0.4433,0.7425
200509,0.2091,0.4417,0.8048,0.2118,0.4437,0.7406
200510,0.2087,0.441,0.8035,0.2132,0.4441,0.7399
200511,0.2089,0.4408,0.8035,0.2126,0.4449,0.74
200512,0.2083,0.4407,0.8032,0.213,0.4451,0.7399
200601,0.208,0.4407,0.8037,0.2129,0.4457,0.7404
200602,0.2078,0.4402,0.8045,0.2132,0.4455,0.7402
200603,0.2071,0.4401,0.8053,0.2129,0.4451,0.7395
200604,0.2074,0.4395,0.8057,0.2133,0.4448,0.74
200605,0.2078,0.4396,0.8047,0.2136,0.4451,0.7403
200606,0.2079,0.4403,0.805,0.2137,0.4455,0.7406
200607,0.2042,0.4479,0.8295,0.2103,0.458,0.7431
200608,0.2035,0.4482,0.8272,0.2115,0.459,0.7439
200609,0.2037,0.4485,0.8273,0.2112,0.4588,0.7455
200610,0.2043,0.4486,0.828,0.2112,0.4593,0.7465
200611,0.2035,0.4484,0.8296,0.2109,0.4593,0.7452
200612,0.2039,0.4492,0.8293,0.2113,0.4592,0.7448
200701,0.2037,0.4486,0.8321,0.2119,0.4594,0.7442
200702,0.2032,0.4487,0.835,0.2112,0.4592,0.745
200703,0.2036,0.4487,0.8376,0.2113,0.4599,0.7446
200704,0.2033,0.4487,0.839,0.2114,0.46,0.7429
200705,0.2019,0.4483,0.84,0.2113,0.4596,0.7434
200706,0.2023,0.447,0.8412,0.2114,0.4592,0.7425
200707,0.1956,0.4358,0.8024,0.2041,0.4327,0.7481
200708,0.1949,0.4351,0.8017,0.2037,0.4321,0.7478
200709,0.1945,0.4349,0.7973,0.2037,0.4314,0.7457
200710,0.1945,0.435,0.7939,0.2037,0.4316,0.747
200711,0.1949,0.4347,0.7924,0.2024,0.4295,0.7433
200712,0.1944,0.4338,0.7902,0.2033,0.4286,0.7437
200801,0.195,0.434,0.79,0.2035,0.4285,0.7429
200802,0.196,0.4343,0.79,0.2046,0.4291,0.7394
200803,0.1965,0.4343,0.7895,0.2054,0.4282,0.74
200804,0.1975,0.4336,0.7913,0.2057,0.4271,0.7427
200805,0.1982,0.4338,0.7921,0.2053,0.4277,0.7425
200806,0.1977,0.4337,0.7933,0.2047,0.427,0.7438
200807,0.1968,0.4826,1.0332,0.2063,0.4717,0.8552
200808,0.1971,0.4836,1.0354,0.2067,0.4707,0.8517
200809,0.1977,0.4838,1.0423,0.2069,0.47,0.8491
200810,0.1985,0.486,1.0282,0.2078,0.4684,0.8427
200811,0.1993,0.4879,1.0128,0.2092,0.4656,0.8496
200812,0.2,0.4897,1.0005,0.2109,0.4636,0.8513
200901,0.199,0.4881,1.0029,0.2107,0.4617,0.8444
200902,0.1983,0.4855,0.9929,0.209,0.4622,0.8458
200903,0.1987,0.4844,0.9826,0.2086,0.4606,0.8498
200904,0.1983,0.4836,0.995,0.2079,0.4609,0.8451
200905,0.1981,0.4828,1.0062,0.2073,0.463,0.8483
200906,0.1978,0.482,1.0077,0.207,0.4631,0.8476
200907,0.318,0.7614,2.0186,0.2903,0.7096,1.5514
200908,0.3187,0.7638,2.0432,0.2918,0.7087,1.5416
200909,0.319,0.7656,2.0936,0.2929,0.7103,1.5662
200910,0.3176,0.766,2.1232,0.2914,0.7104,1.5672
200911,0.3199,0.7638,2.0918,0.2908,0.7093,1.5547
200912,0.3188,0.7636,2.1147,0.2908,0.7094,1.5599
201001,0.3192,0.7632,2.1429,0.2916,0.7106,1.555
201002,0.3187,0.7635,2.1362,0.2904,0.7123,1.5694
201003,0.3188,0.7643,2.1488,0.2909,0.7132,1.5773
201004,0.3173,0.7648,2.1741,0.291,0.7133,1.5904
201005,0.3166,0.7656,2.205,0.2912,0.7122,1.5943
201006,0.317,0.7629,2.1937,0.2911,0.7103,1.5963
201007,0.2467,0.5926,1.29,0.2461,0.5869,1.144
201008,0.2467,0.592,1.2919,0.2455,0.5881,1.1466
201009,0.2466,0.5913,1.2893,0.2451,0.5866,1.1371
201010,0.2465,0.5909,1.2861,0.2447,0.5871,1.1404
201011,0.2469,0.5897,1.2811,0.2441,0.5869,1.1393
201012,0.2491,0.59,1.2742,0.2449,0.5866,1.1364
201101,0.2486,0.5904,1.282,0.2451,0.5873,1.1509
201102,0.2483,0.5907,1.2796,0.2459,0.5877,1.1475
201103,0.249,0.5906,1.2817,0.2454,0.5866,1.1388
201104,0.2496,0.5902,1.2779,0.2445,0.5857,1.1343
201105,0.2498,0.5905,1.2729,0.2446,0.5849,1.1328
201106,0.2499,0.5891,1.2707,0.2437,0.5849,1.129
201107,0.2193,0.5275,1.0677,0.2231,0.5101,0.9586
201108,0.2182,0.5277,1.0644,0.2218,0.5091,0.9536
201109,0.2186,0.5284,1.0581,0.2219,0.5101,0.9458
201110,0.2176,0.5294,1.0556,0.2218,0.5098,0.9356
201111,0.2183,0.5291,1.0514,0.2223,0.5085,0.9389
201112,0.2175,0.5295,1.0481,0.2224,0.5082,0.9308
201201,0.2195,0.5301,1.0506,0.223,0.5095,0.9286
201202,0.2179,0.5291,1.0533,0.2215,0.5081,0.9362
201203,0.2176,0.5293,1.0533,0.2205,0.5087,0.9373
201204,0.2172,0.5297,1.0535,0.2199,0.5092,0.9417
201205,0.2171,0.5297,1.0557,0.2188,0.5089,0.9354
201206,0.2168,0.5302,1.0531,0.2197,0.5108,0.9281
201207,0.2396,0.5895,1.2794,0.2493,0.5766,1.3636
201208,0.2414,0.5892,1.2776,0.2497,0.5763,1.3478
201209,0.2432,0.5887,1.2799,0.2496,0.5753,1.3625
201210,0.2431,0.5891,1.2862,0.2496,0.5755,1.3721
201211,0.2458,0.5888,1.2889,0.251,0.576,1.3909
201212,0.2459,0.5887,1.2802,0.2502,0.5753,1.3888
201301,0.2458,0.5886,1.2823,0.251,0.5761,1.4151
201302,0.2448,0.591,1.2866,0.2516,0.5764,1.406
201303,0.2456,0.5916,1.2916,0.2521,0.5772,1.3995
201304,0.2455,0.5916,1.2938,0.2519,0.5777,1.4054
201305,0.2457,0.5917,1.2972,0.252,0.5773,1.4087
201306,0.2458,0.5911,1.2993,0.2525,0.5771,1.4221
201307,0.2187,0.5512,1.1112,0.2307,0.5199,1.1587
201308,0.2184,0.5509,1.1113,0.2303,0.5204,1.1638
201309,0.2181,0.55,1.1127,0.2302,0.5202,1.1644
201310,0.2176,0.5501,1.1128,0.2294,0.5205,1.1641
201311,0.2183,0.5493,1.1126,0.2293,0.5201,1.1655
201312,0.2179,0.5494,1.1122,0.2295,0.5198,1.1735
201401,0.2182,0.5494,1.1104,0.2292,0.5193,1.1714
201402,0.2159,0.5493,1.1132,0.2295,0.5184,1.1717
201403,0.2154,0.5493,1.1114,0.2293,0.518,1.1707
201404,0.2176,0.5496,1.115,0.2307,0.5192,1.1665
201405,0.2194,0.55,1.1125,0.231,0.5199,1.1608
201406,0.219,0.5498,1.1114,0.2307,0.5198,1.1578
201407,0.1686,0.4346,0.8881,0.1912,0.4162,0.8529
201408,0.1679,0.4351,0.889,0.1914,0.4165,0.8538
201409,0.168,0.4351,0.8887,0.1907,0.4158,0.8553
201410,0.1675,0.4347,0.8852,0.1909,0.4154,0.8584
201411,0.1684,0.4346,0.8779,0.1908,0.4148,0.8578
201412,0.1683,0.4345,0.8794,0.1909,0.4147,0.8575
201501,0.169,0.4344,0.8788,0.1909,0.4143,0.8585
201502,0.1677,0.4339,0.8776,0.1897,0.4144,0.8516
201503,0.1679,0.4338,0.8819,0.1896,0.4145,0.856
201504,0.1681,0.4339,0.8792,0.1894,0.4141,0.8557
201505,0.1679,0.434,0.8798,0.1893,0.4147,0.8574
201506,0.1678,0.4321,0.8785,0.1886,0.4147,0.8601
201507,0.158,0.4417,0.9542,0.1615,0.4031,0.8835
201508,0.1582,0.4418,0.9402,0.1606,0.4017,0.8835
201509,0.16,0.4421,0.9436,0.1605,0.403,0.8821
201510,0.1613,0.443,0.9307,0.1609,0.4036,0.8789
201511,0.1615,0.4426,0.934,0.1605,0.4027,0.8812
201512,0.1608,0.4423,0.9281,0.1606,0.4035,0.8834
201601,0.1603,0.4428,0.923,0.1604,0.4033,0.8831
201602,0.1631,0.4433,0.9171,0.1619,0.4046,0.8739
201603,0.1639,0.4431,0.9183,0.1618,0.404,0.8658
201604,0.1636,0.4433,0.9248,0.1618,0.4043,0.8671
201605,0.1623,0.4441,0.9304,0.161,0.4053,0.8718
201606,0.1619,0.444,0.9256,0.1612,0.405,0.8743
201607,0.1838,0.4901,1.1459,0.1677,0.4561,0.9993
201608,0.1834,0.4891,1.1425,0.1677,0.4551,1.0041
201609,0.1838,0.4902,1.1485,0.1685,0.4557,1.0072
201610,0.182,0.4902,1.1514,0.1684,0.4553,1.009
201611,0.1836,0.4909,1.1425,0.1691,0.4561,1.0081
201612,0.1841,0.4933,1.1216,0.1695,0.4567,1.0169
201701,0.1857,0.4924,1.1141,0.1694,0.4583,1.0158
201702,0.1844,0.4914,1.116,0.1694,0.4582,1.0149
201703,0.183,0.4918,1.1118,0.1696,0.4578,1.015
201704,0.1833,0.4909,1.1065,0.1695,0.4572,1.0143
201705,0.1834,0.4905,1.1015,0.1693,0.4563,1.0134
201706,0.1822,0.4899,1.0984,0.1692,0.456,1.0133
201707,0.1737,0.4302,0.9113,0.1591,0.3902,0.8086
201708,0.1741,0.4302,0.9072,0.1589,0.3904,0.8094
201709,0.1738,0.4296,0.9092,0.1588,0.3898,0.8079
201710,0.1743,0.4301,0.9026,0.1583,0.3899,0.8088
201711,0.1742,0.4299,0.9009,0.1577,0.3883,0.8109
201712,0.174,0.4287,0.9013,0.1574,0.3885,0.8101
201801,0.1746,0.4278,0.9036,0.1572,0.3878,0.8098
201802,0.1745,0.427,0.9044,0.1548,0.3861,0.8094
201803,0.1744,0.4264,0.8996,0.1541,0.3858,0.8113
201804,0.1741,0.4266,0.8969,0.1544,0.3876,0.8095
201805,0.1736,0.4262,0.8998,0.1543,0.388,0.8098
201806,0.1729,0.4261,0.9016,0.1544,0.388,0.8078
201807,0.1585,0.4196,0.9263,0.1405,0.4118,0.7631
201808,0.1589,0.4188,0.9272,0.1407,0.4106,0.7627
201809,0.1584,0.4176,0.9281,0.1396,0.4098,0.7632
201810,0.1585,0.4169,0.9342,0.1393,0.4085,0.7634
201811,0.1595,0.4186,0.9332,0.1412,0.4098,0.7602
201812,0.1598,0.4178,0.9288,0.1408,0.4091,0.7585
201901,0.1601,0.4169,0.9328,0.1408,0.4086,0.7564
201902,0.1592,0.4166,0.9331,0.1401,0.4089,0.7596
201903,0.1593,0.4155,0.9185,0.1389,0.4081,0.7592
201904,0.1589,0.4147,0.9215,0.1386,0.4074,0.7581
201905,0.1594,0.4155,0.918,0.1385,0.4068,0.7586
201906,0.1591,0.415,0.9109,0.1386,0.4066,0.7587
201907,0.1881,0.5414,1.2176,0.1595,0.556,1.1143
201908,0.1881,0.5404,1.21,0.1599,0.5561,1.1164
201909,0.1868,0.5399,1.2022,0.1588,0.5559,1.1111
201910,0.1882,0.5408,1.2011,0.1597,0.5565,1.1096
201911,0.1877,0.54,1.1959,0.1597,0.556,1.1065
201912,0.1846,0.5396,1.1923,0.1598,0.5562,1.1072
202001,0.1841,0.5395,1.2064,0.1595,0.5562,1.1063
202002,0.1838,0.5383,1.1867,0.1578,0.5519,1.1064
202003,0.1832,0.5369,1.1863,0.1575,0.5508,1.1013
202004,0.1832,0.5361,1.1775,0.1569,0.5461,1.0985
202005,0.1812,0.5352,1.1923,0.1562,0.5461,1.101
202006,0.1811,0.5334,1.1946,0.156,0.543,1.1059
202007,0.1652,0.4608,1.1394,0.1251,0.4524,0.8946
202008,0.1669,0.4608,1.1445,0.1244,0.4502,0.8939
202009,0.1658,0.4605,1.1524,0.1226,0.4482,0.8915
202010,0.166,0.4606,1.1559,0.1231,0.4463,0.8887
202011,0.1667,0.4594,1.1549,0.1247,0.4465,0.8928
202012,0.1663,0.4604,1.1587,0.1244,0.4479,0.8951
202101,0.1664,0.4603,1.154,0.1231,0.4475,0.8942
202102,0.1634,0.4606,1.208,0.1237,0.449,0.8957
202103,0.1647,0.4601,1.175,0.1247,0.4513,0.8986
202104,0.1663,0.4619,1.1872,0.126,0.4521,0.8971
202105,0.1658,0.4601,1.1865,0.1258,0.4524,0.8966
202106,0.1656,0.4605,1.2111,0.1267,0.4534,0.8984
202107,0.1378,0.4288,1.2051,0.1001,0.4201,0.9697
202108,0.1383,0.4278,1.1941,0.1003,0.419,0.9685
202109,0.1389,0.4285,1.2018,0.1004,0.4188,0.9719
202110,0.1398,0.4302,1.2108,0.1,0.4213,0.9739
,,,,,,
,,,,,,
  For portfolios formed in June of year t,,,,,,
  Value Weight Average of BE_FYt-1/ME_June t Calculated for June of t to June of t+1 as: ,,,,,,
  Sum[ME(Mth) * BE(Fiscal Year t-1) / ME(Jun t)] / Sum[ME(Mth)],,,,,,
  Where Mth is a month from June of t to June of t+1,,,,,,
  and BE(Fiscal Year t-1) is adjusted for net stock issuance to Jun t,,,,,,
,SMALL LoBM,ME1 BM2,SMALL HiBM,BIG LoBM,ME2 BM2,BIG HiBM
192607,0.7749,1.2237,3.7137,0.4511,1.0213,2.4463
192608,0.7695,1.2224,3.7504,0.4524,1.0222,2.4274
192609,0.7859,1.2175,3.7818,0.4543,1.0254,2.4234
192610,0.789,1.2122,3.8202,0.4544,1.0255,2.4186
192611,0.7753,1.2105,3.8782,0.4543,1.0231,2.4135
192612,0.7808,1.2082,3.8249,0.451,1.0225,2.4106
192701,0.8085,1.2053,3.8836,0.4524,1.0273,2.4076
192702,0.7732,1.2081,3.9435,0.4526,1.027,2.4067
192703,0.7677,1.2012,4.0054,0.4538,1.0279,2.4335
192704,0.733,1.1981,3.9828,0.4536,1.0296,2.4473
192705,0.7401,1.2036,4.033,0.4533,1.0306,2.4439
192706,0.7206,1.2028,4.1275,0.4528,1.0306,2.4247
192707,0.5354,1.129,3.1229,0.4851,1.0436,1.9872
192708,0.5294,1.1293,3.0999,0.4798,1.046,2.0005
192709,0.5306,1.1386,3.0953,0.4751,1.0447,2.0043
192710,0.5265,1.134,3.0436,0.472,1.0438,2.0136
192711,0.5218,1.1398,3.05,0.4756,1.0415,2.0012
192712,0.5215,1.1428,3.0587,0.475,1.0413,2.0052
192801,0.5229,1.1413,3.031,0.4735,1.0422,2.0225
192802,0.522,1.1353,3.0632,0.4747,1.0412,2.0067
192803,0.5334,1.1359,3.0634,0.4751,1.0421,2.0043
192804,0.5383,1.1389,3.0888,0.4665,1.0419,2.0364
192805,0.5403,1.1439,3.2165,0.4707,1.0414,2.034
192806,0.5338,1.1433,3.2675,0.4698,1.0413,2.0214
192807,0.3942,0.9161,2.4749,0.3086,0.8487,1.7172
192808,0.3957,0.9166,2.4804,0.3087,0.85,1.7212
192809,0.3938,0.9144,2.462,0.3087,0.8479,1.7229
192810,0.3903,0.9164,2.4758,0.3077,0.8474,1.723
192811,0.3837,0.9097,2.4388,0.3076,0.8455,1.7107
192812,0.3836,0.9098,2.5232,0.3081,0.8406,1.7165
192901,0.3858,0.9121,2.5354,0.3091,0.8396,1.7122
192902,0.3867,0.9098,2.5399,0.3104,0.8368,1.7134
192903,0.3883,0.9103,2.5102,0.3106,0.8376,1.7064
192904,0.3892,0.9101,2.4992,0.3077,0.8357,1.7017
192905,0.3838,0.9115,2.4593,0.3082,0.8346,1.695
192906,0.3832,0.9133,2.4854,0.3115,0.8387,1.7202
192907,0.3681,0.8296,2.5176,0.2307,0.6591,1.2971
192908,0.366,0.821,2.5476,0.2305,0.6572,1.3
192909,0.3669,0.8243,2.5379,0.2312,0.6544,1.295
192910,0.365,0.8237,2.5144,0.2326,0.6534,1.2941
192911,0.3734,0.8254,2.4922,0.2353,0.663,1.295
192912,0.3746,0.8261,2.448,0.2357,0.6687,1.293
193001,0.3712,0.8187,2.4928,0.2347,0.6666,1.2987
193002,0.3703,0.8226,2.5153,0.234,0.6661,1.2978
193003,0.3726,0.8214,2.5149,0.2332,0.6605,1.2966
193004,0.3686,0.8272,2.5144,0.2326,0.6619,1.2958
193005,0.3662,0.8265,2.4851,0.2316,0.6617,1.296
193006,0.3647,0.824,2.4542,0.2327,0.6617,1.2924
193007,0.6349,1.4585,4.068,0.4209,1.046,2.3525
193008,0.6313,1.4647,4.0251,0.4184,1.0426,2.3519
193009,0.6271,1.4637,4.0035,0.4162,1.0398,2.337
193010,0.6087,1.4528,3.994,0.416,1.0393,2.3242
193011,0.6069,1.4498,4.0748,0.4177,1.0363,2.305
193012,0.6251,1.4497,4.0653,0.422,1.0329,2.2925
193101,0.6336,1.4375,4.0636,0.4183,1.0277,2.2674
193102,0.6288,1.4458,4.1019,0.4204,1.0344,2.2993
193103,0.6397,1.4522,4.0791,0.4204,1.0356,2.2964
193104,0.6283,1.458,4.058,0.418,1.0328,2.2622
193105,0.627,1.4525,4.1185,0.4168,1.0311,2.2386
193106,0.6139,1.4471,4.1143,0.4154,1.0237,2.2354
193107,0.8456,2.0726,7.0136,0.608,1.7907,4.2461
193108,0.8437,2.0627,6.9371,0.607,1.777,4.2081
193109,0.8457,2.0672,6.8425,0.6246,1.7815,4.2098
193110,0.8579,2.0702,6.9553,0.631,1.7643,4.166
193111,0.8505,2.0922,6.7112,0.6299,1.7617,4.1697
193112,0.8313,2.0927,6.6355,0.629,1.7505,4.126
193201,0.8349,2.0879,6.5696,0.6226,1.7263,4.0676
193202,0.8273,2.1349,6.6755,0.6247,1.7475,4.1165
193203,0.822,2.0937,6.724,0.6296,1.7377,4.1277
193204,0.8189,2.115,6.6755,0.6331,1.7383,4.0189
193205,0.8287,2.0967,6.4881,0.6345,1.7385,3.9845
193206,0.8306,2.1269,6.4453,0.6505,1.7491,3.9227
193207,2.7871,6.6913,28.6856,1.7007,6.2936,18.3998
193208,2.8997,7.0397,30.271,1.7333,6.6088,19.0985
193209,2.8663,7.2408,32.2262,1.7734,7.0015,20.9869
193210,2.7904,7.4187,32.3138,1.7667,7.0501,21.5509
193211,2.8054,7.3078,32.0734,1.7491,6.8745,20.548
193212,2.7729,7.3239,31.3614,1.7544,6.8427,19.6392
193301,2.7168,7.2158,30.6637,1.758,6.7468,19.8701
193302,2.8105,6.8576,31.164,1.7662,6.8716,20.5622
193303,2.899,6.6908,30.6324,1.7546,6.7377,19.619
193304,2.8845,6.8417,30.5125,1.7546,6.7645,19.7198
193305,2.8102,6.9524,30.3794,1.7749,6.8273,20.1241
193306,2.6717,7.0094,30.4804,1.7937,6.9086,20.2447
193307,0.723,1.5403,6.8864,0.7104,1.6997,3.9296
193308,0.7309,1.5705,7.5968,0.7149,1.7025,3.9675
193309,0.7269,1.5549,7.5109,0.7085,1.6828,3.9888
193310,0.7354,1.5411,7.2271,0.7128,1.651,3.8608
193311,0.7432,1.5495,7.4514,0.717,1.6305,3.8322
193312,0.7365,1.5291,7.0439,0.7103,1.6389,3.8141
193401,0.7584,1.4922,7.0925,0.7074,1.6528,3.8463
193402,0.747,1.4908,7.3537,0.7043,1.671,3.9745
193403,0.7486,1.5006,7.686,0.7106,1.6667,3.9825
193404,0.7445,1.5037,7.9208,0.7092,1.6579,3.9821
193405,0.7465,1.5132,7.5592,0.7097,1.6446,3.9705
193406,0.7594,1.5203,7.8157,0.7135,1.6362,3.9135
193407,0.687,1.6158,7.1101,0.5732,1.415,4.8344
193408,0.6887,1.5946,7.0235,0.5694,1.3931,4.7073
193409,0.6819,1.6051,7.132,0.5712,1.3974,4.7584
193410,0.6843,1.5955,7.1717,0.5697,1.3988,4.7917
193411,0.6861,1.5764,7.1359,0.5661,1.3913,4.7868
193412,0.6945,1.5774,6.742,0.5658,1.398,4.7152
193501,0.6945,1.5749,6.6114,0.5674,1.3997,4.6954
193502,0.6975,1.572,6.64,0.5636,1.3942,4.6667
193503,0.6909,1.5532,6.2922,0.5583,1.3839,4.6346
193504,0.6894,1.5318,5.9884,0.5595,1.3818,4.6036
193505,0.7125,1.5516,6.015,0.5645,1.3869,4.6122
193506,0.7094,1.5469,5.9548,0.5675,1.3862,4.6186
193507,0.7168,1.8275,10.3619,0.4514,1.2866,5.5769
193508,0.7275,1.8232,10.6607,0.4528,1.292,5.501
193509,0.7248,1.8368,11.3072,0.4537,1.2946,5.5192
193510,0.7252,1.8355,10.456,0.4531,1.2913,5.49
193511,0.7398,1.8448,10.0543,0.4556,1.2944,5.447
193512,0.7315,1.852,11.2441,0.4575,1.2947,5.5486
193601,0.732,1.8414,10.8994,0.4578,1.3025,5.469
193602,0.737,1.851,11.6834,0.4586,1.3145,5.4963
193603,0.7389,1.8674,11.263,0.4593,1.3144,5.548
193604,0.731,1.858,10.8476,0.4588,1.3137,5.4719
193605,0.725,1.8459,10.3887,0.4565,1.3071,5.4743
193606,0.7271,1.8448,10.5572,0.4555,1.3087,5.5218
193607,0.4696,1.0362,5.4911,0.3024,0.8818,2.5992
193608,0.4707,1.0365,5.4308,0.3,0.8827,2.6092
193609,0.4736,1.0375,5.491,0.3008,0.8815,2.6196
193610,0.472,1.0337,5.5259,0.3002,0.8843,2.6213
193611,0.4712,1.0382,5.4437,0.2988,0.8883,2.5833
193612,0.4693,1.0483,5.2232,0.3015,0.8879,2.5646
193701,0.4707,1.0546,5.3087,0.301,0.8951,2.5627
193702,0.4694,1.0562,5.2439,0.3005,0.8972,2.5676
193703,0.4692,1.0559,5.5607,0.2993,0.8985,2.6043
193704,0.4718,1.0677,5.7027,0.2988,0.902,2.6476
193705,0.4696,1.0607,5.5973,0.2989,0.9025,2.667
193706,0.471,1.0625,5.3961,0.2976,0.9003,2.6607
193707,0.3929,0.8748,4.5262,0.3241,0.7755,1.9302
193708,0.3963,0.8766,4.6474,0.3265,0.777,1.9191
193709,0.3938,0.8769,4.5623,0.3251,0.7759,1.8987
193710,0.3933,0.8763,4.5275,0.3249,0.7777,1.8777
193711,0.3926,0.8787,4.6429,0.3248,0.7786,1.8483
193712,0.3914,0.8795,4.6186,0.3239,0.7848,1.8426
193801,0.3901,0.877,4.2756,0.3199,0.7817,1.8005
193802,0.3955,0.8796,4.298,0.3215,0.7803,1.7855
193803,0.3937,0.8767,4.2999,0.3221,0.7783,1.8073
193804,0.3949,0.8807,3.9752,0.3216,0.7789,1.7213
193805,0.3948,0.8802,4.1007,0.3233,0.7787,1.7285
193806,0.3991,0.8767,4.0856,0.3227,0.7808,1.7454
193807,0.6258,1.3539,7.3141,0.5355,1.2314,4.1848
193808,0.6257,1.3429,7.2682,0.5334,1.2289,4.3051
193809,0.6243,1.3419,7.064,0.5328,1.2265,4.2793
193810,0.6234,1.3411,7.0035,0.5319,1.2257,4.2131
193811,0.6243,1.3399,6.7726,0.532,1.2383,4.2958
193812,0.6243,1.3443,6.4539,0.5325,1.232,4.2707
193901,0.6239,1.3418,6.5189,0.5307,1.2305,4.373
193902,0.6227,1.3463,6.478,0.5338,1.2308,4.29
193903,0.6247,1.3448,6.5199,0.5355,1.2361,4.3101
193904,0.6288,1.3548,6.4891,0.5373,1.2304,4.1274
193905,0.6297,1.3491,6.2916,0.5395,1.2299,4.1636
193906,0.6305,1.3523,6.2283,0.539,1.2303,4.1866
193907,0.6507,1.5537,8.2366,0.4556,1.2016,4.6127
193908,0.6554,1.5662,8.1747,0.4598,1.2103,4.802
193909,0.6507,1.5596,7.9396,0.456,1.2021,4.6197
193910,0.6584,1.6068,10.2377,0.466,1.2609,4.8621
193911,0.6562,1.5969,9.6795,0.4632,1.2488,4.8258
193912,0.6523,1.5817,8.3881,0.4599,1.2277,4.6937
194001,0.6512,1.5749,8.0012,0.4582,1.2268,4.693
194002,0.6459,1.5711,7.923,0.4569,1.2132,4.6046
194003,0.6453,1.5699,7.8526,0.458,1.215,4.5679
194004,0.6374,1.5682,7.8236,0.4569,1.2186,4.5485
194005,0.6366,1.573,7.6348,0.4564,1.221,4.503
194006,0.6455,1.5556,7.567,0.4503,1.2053,4.273
194007,0.7044,1.5982,7.0046,0.5273,1.3987,4.5977
194008,0.7034,1.5956,6.9379,0.5279,1.4016,4.5782
194009,0.7006,1.5895,6.7823,0.5275,1.4053,4.5999
194010,0.7027,1.5859,6.6905,0.5258,1.4047,4.6141
194011,0.7,1.5909,6.551,0.529,1.4183,4.5852
194012,0.6993,1.5884,6.2476,0.5328,1.4219,4.5116
194101,0.6962,1.5884,6.0852,0.5314,1.4221,4.5003
194102,0.7035,1.593,6.3502,0.5334,1.4215,4.6007
194103,0.7011,1.5904,6.3623,0.5352,1.421,4.603
194104,0.6986,1.5924,6.5189,0.5344,1.4222,4.6608
194105,0.6966,1.5929,6.554,0.5332,1.425,4.7086
194106,0.6985,1.596,6.5403,0.5327,1.4288,4.6989
194107,0.7214,1.5435,5.8281,0.5651,1.327,3.6977
194108,0.7191,1.5588,6.3004,0.5634,1.329,3.835
194109,0.7156,1.5518,6.2594,0.5636,1.3288,3.8243
194110,0.717,1.5433,6.0242,0.5639,1.3284,3.7763
194111,0.7261,1.5249,5.8719,0.565,1.3239,3.6945
194112,0.7257,1.5243,5.7008,0.5628,1.3203,3.6553
194201,0.7273,1.5117,5.5809,0.5552,1.3203,3.6573
194202,0.7241,1.5327,6.5899,0.5631,1.3258,3.7808
194203,0.7221,1.5379,6.5052,0.5668,1.3286,3.844
194204,0.7237,1.5257,6.3402,0.5674,1.3329,3.8164
194205,0.724,1.5312,6.3783,0.5631,1.3339,3.794
194206,0.7266,1.5325,6.1326,0.5638,1.3269,3.7598
194207,0.9526,1.8392,7.2101,0.7299,1.7828,4.9258
194208,0.9547,1.8439,7.256,0.7333,1.7831,5.0108
194209,0.9562,1.8394,7.4854,0.7351,1.7832,5.0093
194210,0.9589,1.8435,7.9309,0.7327,1.7813,5.0432
194211,0.957,1.8482,7.9246,0.7333,1.7913,5.1725
194212,0.9517,1.8339,7.3425,0.7305,1.7742,5.0847
194301,0.9534,1.8306,7.4676,0.7257,1.7758,5.0204
194302,0.9493,1.8425,8.1782,0.7252,1.7819,5.0597
194303,0.9436,1.8418,9.53,0.7302,1.7867,5.2054
194304,0.9425,1.8451,9.0188,0.7308,1.7907,5.382
194305,0.9383,1.8504,9.1864,0.7326,1.7912,5.6296
194306,0.9379,1.8483,9.5632,0.7309,1.7875,5.631
194307,0.6323,1.1415,3.4886,0.541,1.1454,3.0184
194308,0.6347,1.1495,3.4519,0.5433,1.1484,2.9815
194309,0.6324,1.1477,3.3697,0.5442,1.1459,2.9846
194310,0.6282,1.1456,3.3595,0.5434,1.1459,2.9986
194311,0.6303,1.1467,3.3366,0.5449,1.1467,2.9935
194312,0.631,1.1506,3.1461,0.5448,1.1462,2.9286
194401,0.6297,1.1465,3.1806,0.5451,1.1437,2.9646
194402,0.6293,1.1455,3.198,0.5456,1.1454,3.0058
194403,0.6283,1.1458,3.3261,0.5461,1.1447,3.048
194404,0.6275,1.1432,3.3921,0.5441,1.1442,3.0515
194405,0.6299,1.1439,3.2817,0.5443,1.1444,3.0217
194406,0.6284,1.1408,3.2703,0.5444,1.1436,3.0387
194407,0.5563,1.0388,2.9531,0.5085,1.0389,2.6725
194408,0.5574,1.0423,3.0027,0.5089,1.0405,2.6861
194409,0.5515,1.0391,2.9423,0.5083,1.0386,2.6629
194410,0.5514,1.0403,2.9176,0.5076,1.0404,2.6649
194411,0.552,1.0413,2.8851,0.5084,1.0405,2.6659
194412,0.5553,1.0407,2.8965,0.5088,1.0406,2.6794
194501,0.5594,1.042,3.1037,0.5085,1.0403,2.7716
194502,0.5564,1.0404,3.0279,0.5072,1.0414,2.7047
194503,0.5581,1.0393,3.1183,0.507,1.041,2.7437
194504,0.5603,1.0412,3.1282,0.5085,1.0413,2.7472
194505,0.5564,1.0384,3.2142,0.5064,1.039,2.8072
194506,0.5553,1.0383,3.312,0.5086,1.0375,2.8479
194507,0.4474,0.8563,2.0599,0.4042,0.8344,1.9043
194508,0.4463,0.8582,2.0372,0.404,0.8342,1.8794
194509,0.4463,0.8545,2.0071,0.4041,0.8333,1.8544
194510,0.4479,0.8561,1.9984,0.4026,0.8332,1.8695
194511,0.4462,0.8583,1.9807,0.4023,0.8329,1.862
194512,0.4496,0.8591,1.9564,0.4027,0.8326,1.8884
194601,0.4507,0.8595,1.9713,0.4026,0.8312,1.8851
194602,0.4509,0.8633,1.9873,0.4036,0.8306,1.8822
194603,0.4493,0.8634,1.9746,0.4025,0.8307,1.8752
194604,0.452,0.8644,1.9287,0.4029,0.8313,1.8611
194605,0.4523,0.8627,1.9146,0.4039,0.8329,1.8481
194606,0.4549,0.8642,1.9134,0.4041,0.832,1.8705
194607,0.3362,0.6272,1.7844,0.3159,0.6272,1.4169
194608,0.3362,0.6284,1.7548,0.3151,0.6283,1.3935
194609,0.3369,0.6287,1.7354,0.3144,0.6283,1.3795
194610,0.3357,0.6287,1.7128,0.314,0.6287,1.3449
194611,0.3348,0.6297,1.7166,0.3146,0.6293,1.3559
194612,0.3355,0.6287,1.7238,0.3138,0.6299,1.3565
194701,0.336,0.6286,1.7061,0.3135,0.6286,1.3559
194702,0.3377,0.6298,1.7293,0.3158,0.6297,1.3539
194703,0.3381,0.6297,1.7203,0.316,0.6292,1.3552
194704,0.338,0.6302,1.692,0.316,0.6302,1.3409
194705,0.3385,0.6302,1.6678,0.3162,0.6316,1.3285
194706,0.3389,0.6313,1.6487,0.3161,0.6326,1.323
194707,0.5541,0.9845,2.751,0.4216,0.8612,2.2452
194708,0.5549,0.9833,2.802,0.4222,0.862,2.2782
194709,0.5541,0.9819,2.7551,0.4218,0.861,2.2664
194710,0.5539,0.9802,2.7406,0.4216,0.8623,2.2739
194711,0.5539,0.9806,2.6876,0.4227,0.8605,2.2303
194712,0.5526,0.9778,2.68,0.4216,0.8599,2.212
194801,0.5512,0.9754,2.7824,0.4213,0.8573,2.2434
194802,0.5499,0.9762,2.8682,0.422,0.8592,2.2678
194803,0.5472,0.9758,2.8358,0.4223,0.8586,2.2606
194804,0.5485,0.9763,2.8264,0.4237,0.8593,2.2598
194805,0.5494,0.9747,2.9211,0.4235,0.8569,2.2602
194806,0.5526,0.9771,2.9305,0.4247,0.8569,2.2665
194807,0.5756,0.9837,2.2617,0.4618,0.8722,1.9781
194808,0.576,0.9843,2.2788,0.4629,0.8729,1.9782
194809,0.5767,0.9826,2.2692,0.4637,0.8737,1.9902
194810,0.5772,0.9828,2.246,0.4632,0.8744,1.9779
194811,0.5778,0.9813,2.2529,0.463,0.8729,1.9706
194812,0.5769,0.9798,2.2488,0.4632,0.8728,1.9461
194901,0.5762,0.9762,2.2574,0.4617,0.8712,1.9337
194902,0.5777,0.9803,2.252,0.4623,0.8741,1.9268
194903,0.5794,0.9805,2.2352,0.4624,0.8756,1.9103
194904,0.5782,0.9794,2.2244,0.4615,0.8757,1.9126
194905,0.5796,0.9792,2.2249,0.4613,0.8744,1.9033
194906,0.5801,0.9776,2.2002,0.4617,0.875,1.9003
194907,0.8446,1.4633,3.7935,0.6583,1.2861,3.139
194908,0.8448,1.4671,3.8221,0.657,1.2868,3.1292
194909,0.8444,1.4651,3.7961,0.6563,1.2856,3.1279
194910,0.8473,1.4668,3.8616,0.654,1.2847,3.1534
194911,0.8469,1.4688,3.8993,0.6531,1.2851,3.137
194912,0.8507,1.4654,3.8876,0.6526,1.2845,3.1428
195001,0.8558,1.4713,3.961,0.6496,1.2852,3.2074
195002,0.8561,1.4753,4.0381,0.6492,1.2854,3.2408
195003,0.8603,1.4777,4.0174,0.6479,1.2844,3.2487
195004,0.8717,1.4766,4.0422,0.6479,1.2839,3.2543
195005,0.8778,1.4845,4.0575,0.6459,1.2857,3.2492
195006,0.8776,1.484,4.0535,0.6468,1.2867,3.2194
195007,0.6771,1.2177,2.9161,0.513,1.0893,2.5481
195008,0.6771,1.2243,3.013,0.5153,1.0948,2.5957
195009,0.6769,1.2236,2.9703,0.5131,1.0942,2.5735
195010,0.6797,1.2235,2.9838,0.5143,1.096,2.6111
195011,0.68,1.2206,2.9895,0.5144,1.0948,2.5981
195012,0.6801,1.2233,3.0479,0.5129,1.0942,2.6164
195101,0.6751,1.2283,3.1697,0.5124,1.0961,2.69
195102,0.6758,1.2267,3.1512,0.5123,1.0979,2.7135
195103,0.676,1.2271,3.151,0.5124,1.0971,2.7083
195104,0.6784,1.2236,3.1094,0.5116,1.0959,2.676
195105,0.6797,1.2234,3.092,0.5083,1.0961,2.6674
195106,0.6803,1.2229,3.0559,0.5076,1.0955,2.6504
195107,0.6861,1.0875,3.1199,0.5134,0.9868,2.1373
195108,0.6896,1.0871,3.1821,0.5117,0.9865,2.1572
195109,0.6957,1.0873,3.1534,0.5145,0.9865,2.1441
195110,0.6978,1.0877,3.1562,0.5156,0.9879,2.1646
195111,0.6988,1.0903,3.1047,0.5181,0.9867,2.1402
195112,0.6975,1.0885,3.0592,0.519,0.9863,2.1562
195201,0.695,1.0884,3.0858,0.5157,0.9837,2.1495
195202,0.6938,1.0885,3.1095,0.5188,0.9834,2.1452
195203,0.6928,1.0875,3.0805,0.5179,0.9844,2.1659
195204,0.6935,1.0879,3.1197,0.5174,0.9839,2.1854
195205,0.6913,1.0895,3.1657,0.5188,0.9832,2.1981
195206,0.6921,1.09,3.1559,0.5169,0.9836,2.2116
195207,0.6227,1.1059,2.3072,0.5052,0.9618,2.1282
195208,0.6195,1.1067,2.3053,0.5059,0.9621,2.1223
195209,0.6189,1.106,2.2843,0.506,0.9622,2.1199
195210,0.6166,1.1058,2.2632,0.5053,0.9613,2.1156
195211,0.6136,1.1048,2.2697,0.5055,0.96,2.1171
195212,0.6147,1.1043,2.2764,0.5031,0.9604,2.1362
195301,0.6132,1.1055,2.289,0.5032,0.9603,2.1404
195302,0.6115,1.1062,2.284,0.5034,0.9607,2.1521
195303,0.6099,1.106,2.2768,0.5042,0.961,2.1452
195304,0.612,1.1052,2.2735,0.5032,0.9611,2.145
195305,0.6122,1.1049,2.2625,0.5034,0.9613,2.1447
195306,0.6124,1.1038,2.284,0.503,0.962,2.1617
195307,0.6252,1.1617,2.4715,0.5683,1.0898,2.275
195308,0.6252,1.1608,2.4707,0.569,1.0891,2.2735
195309,0.6253,1.1582,2.4506,0.5673,1.0855,2.2524
195310,0.6249,1.1573,2.4407,0.5662,1.0833,2.245
195311,0.6253,1.158,2.4426,0.566,1.084,2.242
195312,0.6244,1.1588,2.4426,0.5638,1.0822,2.2259
195401,0.6215,1.1564,2.4231,0.563,1.0802,2.2051
195402,0.6214,1.1576,2.4324,0.5654,1.0837,2.2106
195403,0.6226,1.1557,2.4341,0.5651,1.0826,2.2269
195404,0.6199,1.1545,2.4318,0.5632,1.0821,2.219
195405,0.6202,1.1532,2.4531,0.5624,1.0814,2.1967
195406,0.6217,1.1539,2.4447,0.562,1.0841,2.1984
195407,0.5825,1.1531,2.6046,0.465,0.9678,2.2072
195408,0.5785,1.1512,2.6003,0.4675,0.9663,2.194
195409,0.5778,1.1526,2.6064,0.469,0.9655,2.1988
195410,0.5775,1.151,2.589,0.4672,0.9648,2.1718
195411,0.5746,1.1508,2.5903,0.4673,0.9646,2.1801
195412,0.5719,1.1521,2.5877,0.4639,0.9648,2.1834
195501,0.5759,1.1541,2.6323,0.4643,0.9665,2.2245
195502,0.5726,1.1523,2.665,0.465,0.9634,2.2095
195503,0.5746,1.1529,2.7075,0.4642,0.9644,2.2304
195504,0.5691,1.1523,2.6868,0.4638,0.9638,2.2171
195505,0.5691,1.1512,2.7179,0.4608,0.9652,2.2264
195506,0.569,1.1512,2.7167,0.4589,0.9656,2.2272
195507,0.4631,0.8668,1.8052,0.374,0.7897,1.6259
195508,0.4628,0.8676,1.8113,0.3756,0.7896,1.6304
195509,0.461,0.8673,1.8118,0.3748,0.7889,1.6161
195510,0.4622,0.8647,1.8105,0.3747,0.789,1.6173
195511,0.4609,0.865,1.8071,0.3764,0.7896,1.6185
195512,0.4615,0.8631,1.8194,0.3762,0.7889,1.6084
195601,0.4608,0.8612,1.8376,0.3764,0.7886,1.6115
195602,0.4617,0.8636,1.8295,0.3783,0.7901,1.5983
195603,0.4628,0.8625,1.8164,0.3774,0.79,1.5957
195604,0.4625,0.8611,1.8133,0.3782,0.7894,1.6052
195605,0.4631,0.8615,1.8276,0.3795,0.788,1.6004
195606,0.4608,0.8605,1.818,0.3791,0.7886,1.593
195607,0.4736,0.8864,1.8849,0.3505,0.7935,1.6759
195608,0.4767,0.8843,1.8847,0.351,0.7916,1.6681
195609,0.476,0.8855,1.868,0.3508,0.7924,1.6606
195610,0.476,0.8899,1.8826,0.3518,0.7932,1.6676
195611,0.4746,0.8888,1.8754,0.3518,0.793,1.6622
195612,0.4748,0.8886,1.8639,0.3529,0.7927,1.6476
195701,0.4708,0.8867,1.8711,0.353,0.7925,1.6464
195702,0.4746,0.8894,1.8729,0.355,0.7944,1.6507
195703,0.4755,0.8899,1.8721,0.3549,0.7945,1.6462
195704,0.4756,0.8889,1.8858,0.3551,0.7949,1.649
195705,0.4715,0.8899,1.884,0.3535,0.7943,1.6432
195706,0.4676,0.8882,1.8863,0.3533,0.7938,1.6528
195707,0.5316,0.9438,2.0685,0.3886,0.8474,1.9338
195708,0.53,0.9439,2.0719,0.3882,0.847,1.9356
195709,0.5307,0.942,2.0487,0.3892,0.8472,1.9336
195710,0.531,0.9429,2.026,0.3895,0.8467,1.9104
195711,0.5318,0.9435,1.9909,0.3893,0.8453,1.8931
195712,0.5318,0.9418,1.9769,0.388,0.8435,1.8685
195801,0.537,0.9395,1.9596,0.3882,0.8413,1.8504
195802,0.5397,0.9422,1.9801,0.3893,0.8428,1.8545
195803,0.541,0.9417,1.9607,0.3902,0.8422,1.8452
195804,0.541,0.942,1.9652,0.3904,0.8412,1.8372
195805,0.5397,0.9425,1.9831,0.3915,0.8414,1.8418
195806,0.5385,0.9438,1.9884,0.3925,0.842,1.8389
195807,0.4617,1.0158,2.263,0.4309,0.8783,2.1771
195808,0.463,1.0172,2.2928,0.4292,0.8783,2.1868
195809,0.462,1.0159,2.2666,0.4284,0.8782,2.1673
195810,0.4601,1.0181,2.3032,0.4287,0.8782,2.2074
195811,0.4546,1.0158,2.2893,0.4284,0.8763,2.2137
195812,0.4535,1.0134,2.2967,0.4278,0.8758,2.2128
195901,0.4545,1.0133,2.2749,0.4246,0.8742,2.21
195902,0.4542,1.016,2.2803,0.4255,0.8747,2.1919
195903,0.4587,1.0156,2.2555,0.4214,0.8742,2.1759
195904,0.4591,1.0104,2.2129,0.4203,0.8749,2.1725
195905,0.4605,1.0092,2.2175,0.417,0.8763,2.1868
195906,0.4627,1.011,2.2213,0.4144,0.8772,2.1864
195907,0.3887,0.7822,1.6503,0.334,0.6918,1.517
195908,0.3873,0.7818,1.6388,0.3349,0.6922,1.5058
195909,0.3883,0.7816,1.64,0.3354,0.6906,1.5085
195910,0.3885,0.7833,1.6368,0.3344,0.6896,1.5201
195911,0.3868,0.782,1.6159,0.3334,0.6882,1.5109
195912,0.3846,0.7819,1.6067,0.329,0.6867,1.5051
196001,0.3847,0.7808,1.5977,0.3295,0.6866,1.5
196002,0.386,0.7825,1.6137,0.3309,0.6869,1.5092
196003,0.3854,0.7811,1.6049,0.3276,0.6848,1.5037
196004,0.3866,0.7801,1.5976,0.3261,0.6844,1.4915
196005,0.3861,0.7793,1.5859,0.324,0.6835,1.4883
196006,0.3842,0.78,1.5726,0.3187,0.6803,1.4871
196007,0.442,0.8585,2.0109,0.3169,0.7192,1.7898
196008,0.4439,0.8591,2.0061,0.3184,0.7203,1.7777
196009,0.4497,0.8571,1.9908,0.3187,0.7197,1.7689
196010,0.451,0.8553,1.946,0.3202,0.7207,1.7604
196011,0.4471,0.8544,1.9444,0.3218,0.7196,1.7483
196012,0.4375,0.8525,1.9362,0.3198,0.7186,1.7462
196101,0.4345,0.8524,1.934,0.3195,0.7175,1.7409
196102,0.4368,0.8571,1.9504,0.3216,0.7191,1.7481
196103,0.4363,0.8551,1.9566,0.3216,0.7186,1.7513
196104,0.4315,0.8513,1.9292,0.3212,0.7167,1.7646
196105,0.4313,0.8517,1.9034,0.3202,0.7176,1.7421
196106,0.4318,0.8537,1.9137,0.3213,0.7176,1.7456
196107,0.3322,0.7246,1.7354,0.3214,0.6694,1.5291
196108,0.3325,0.7261,1.7222,0.3238,0.6694,1.5336
196109,0.3345,0.7268,1.7375,0.3212,0.6674,1.5505
196110,0.3352,0.7268,1.7401,0.3202,0.6669,1.5638
196111,0.3354,0.7241,1.7482,0.3182,0.6667,1.5529
196112,0.3336,0.7227,1.7284,0.3204,0.6645,1.5612
196201,0.3326,0.7252,1.7056,0.3231,0.6677,1.5533
196202,0.3362,0.7258,1.728,0.3248,0.6696,1.5628
196203,0.3359,0.7267,1.7279,0.3256,0.6702,1.5485
196204,0.3359,0.7258,1.7142,0.3248,0.67,1.5419
196205,0.3374,0.7281,1.7245,0.3282,0.6705,1.5407
196206,0.3395,0.7297,1.7176,0.3312,0.6729,1.5356
196207,0.4577,0.9903,2.2533,0.3712,0.7508,1.8157
196208,0.4568,0.9891,2.2642,0.3676,0.7483,1.8278
196209,0.4529,0.989,2.2508,0.3674,0.7476,1.8281
196210,0.453,0.9853,2.2405,0.3697,0.7457,1.8188
196211,0.4512,0.9853,2.2354,0.3701,0.7452,1.821
196212,0.4539,0.9927,2.311,0.3691,0.7494,1.8471
196301,0.4526,0.9872,2.2778,0.3698,0.7455,1.8336
196302,0.453,0.9931,2.2996,0.3693,0.7474,1.8294
196303,0.4537,0.9918,2.3176,0.3703,0.7469,1.8445
196304,0.4546,0.9924,2.3152,0.3703,0.7471,1.832
196305,0.4554,0.9972,2.2912,0.37,0.7487,1.8398
196306,0.4592,1.0018,2.3351,0.3688,0.7512,1.8683
196307,0.3335,0.7612,1.712,0.3427,0.6717,1.4029
196308,0.3339,0.7609,1.7027,0.3426,0.6708,1.3959
196309,0.333,0.7606,1.7141,0.3418,0.6719,1.3984
196310,0.3344,0.7584,1.7267,0.3422,0.6728,1.3954
196311,0.335,0.7569,1.7208,0.3403,0.6726,1.3761
196312,0.3364,0.7573,1.7166,0.3417,0.6724,1.3898
196401,0.3365,0.7563,1.7174,0.3409,0.6716,1.3998
196402,0.337,0.7577,1.7292,0.3402,0.6696,1.4103
196403,0.3369,0.7577,1.7691,0.3388,0.671,1.4211
196404,0.3363,0.7597,1.7443,0.3382,0.672,1.4085
196405,0.338,0.7602,1.7596,0.3397,0.6719,1.4088
196406,0.3379,0.7605,1.7668,0.3381,0.6727,1.4152
196407,0.3406,0.7233,1.5459,0.3059,0.6099,1.2586
196408,0.3428,0.7231,1.5459,0.3063,0.6101,1.2517
196409,0.3433,0.7241,1.5318,0.3069,0.6111,1.2472
196410,0.3435,0.7253,1.5653,0.3057,0.6117,1.2576
196411,0.344,0.7226,1.5728,0.3063,0.6113,1.2682
196412,0.3444,0.7219,1.5709,0.306,0.6108,1.2662
196501,0.3426,0.7224,1.5707,0.3061,0.6101,1.2685
196502,0.3434,0.7232,1.5785,0.3035,0.6116,1.2724
196503,0.3421,0.7225,1.5643,0.3033,0.6126,1.2771
196504,0.3426,0.7226,1.5886,0.3037,0.6141,1.2795
196505,0.3445,0.7233,1.5843,0.302,0.6145,1.2796
196506,0.3452,0.7237,1.5746,0.3023,0.6141,1.2758
196507,0.3311,0.6895,1.5321,0.2933,0.6214,1.3889
196508,0.3309,0.6893,1.5493,0.2921,0.6223,1.3971
196509,0.3301,0.689,1.5634,0.2904,0.6224,1.4048
196510,0.3298,0.687,1.5463,0.2904,0.6227,1.4047
196511,0.3296,0.6874,1.5384,0.2893,0.6239,1.4117
196512,0.3292,0.685,1.5322,0.2884,0.625,1.4216
196601,0.3283,0.6847,1.5479,0.2879,0.6259,1.4239
196602,0.3279,0.6836,1.5542,0.2873,0.627,1.4298
196603,0.3261,0.6811,1.558,0.2855,0.6265,1.4383
196604,0.3227,0.6802,1.537,0.2838,0.6273,1.4271
196605,0.3198,0.6766,1.5355,0.2833,0.6276,1.4308
196606,0.3198,0.6788,1.5319,0.2828,0.6274,1.4194
196607,0.2985,0.642,1.3852,0.274,0.6485,1.2306
196608,0.2991,0.6411,1.38,0.2741,0.6487,1.2253
196609,0.3002,0.6421,1.3814,0.2737,0.6506,1.2223
196610,0.3015,0.6421,1.386,0.2755,0.6509,1.2186
196611,0.3039,0.645,1.3874,0.2775,0.6522,1.2161
196612,0.2997,0.6383,1.3595,0.2712,0.6501,1.2133
196701,0.2975,0.6388,1.3559,0.2717,0.6505,1.216
196702,0.2958,0.6386,1.3563,0.2719,0.6509,1.2256
196703,0.2943,0.6352,1.3614,0.2689,0.6504,1.2273
196704,0.2933,0.6332,1.3495,0.268,0.6505,1.2234
196705,0.292,0.6321,1.3488,0.2668,0.6509,1.2189
196706,0.2928,0.6312,1.3418,0.2673,0.6502,1.2236
196707,0.2527,0.5661,1.1638,0.2653,0.6499,1.2791
196708,0.2531,0.5661,1.163,0.2665,0.6493,1.276
196709,0.2538,0.5686,1.1631,0.2665,0.6506,1.2814
196710,0.2515,0.5645,1.1535,0.2651,0.6502,1.2753
196711,0.2496,0.5621,1.1439,0.2603,0.6507,1.2703
196712,0.2489,0.5598,1.1425,0.2586,0.6504,1.2723
196801,0.2427,0.553,1.1529,0.2591,0.6494,1.2626
196802,0.2445,0.5553,1.1622,0.2631,0.6519,1.2452
196803,0.2471,0.5619,1.1704,0.2632,0.6526,1.2494
196804,0.2475,0.5598,1.1627,0.2592,0.6537,1.249
196805,0.2432,0.5525,1.164,0.2565,0.652,1.2486
196806,0.2409,0.5471,1.1617,0.2544,0.6502,1.2565
196807,0.2099,0.5092,0.9808,0.2085,0.5522,0.9541
196808,0.2096,0.5093,0.9805,0.2103,0.5542,0.9515
196809,0.209,0.5075,0.9791,0.2102,0.5544,0.9512
196810,0.205,0.506,0.9775,0.2124,0.5547,0.9598
196811,0.2059,0.5074,0.9759,0.2156,0.5549,0.958
196812,0.2052,0.5075,0.9714,0.2128,0.5555,0.9542
196901,0.2053,0.5052,0.9726,0.213,0.556,0.9569
196902,0.2062,0.5039,0.9733,0.2139,0.557,0.9614
196903,0.2075,0.5055,0.9669,0.2134,0.5563,0.9575
196904,0.206,0.5044,0.9618,0.2129,0.5571,0.9545
196905,0.2059,0.5024,0.9575,0.2118,0.5565,0.9414
196906,0.2048,0.5026,0.9567,0.211,0.5567,0.94
196907,0.265,0.6035,1.1639,0.2069,0.5537,0.9425
196908,0.2641,0.6056,1.152,0.2061,0.5529,0.941
196909,0.2628,0.6041,1.1536,0.2054,0.5533,0.9389
196910,0.2603,0.6031,1.1483,0.205,0.5518,0.9401
196911,0.26,0.6039,1.1483,0.2049,0.5518,0.9405
196912,0.2584,0.6022,1.1522,0.2032,0.5513,0.9363
197001,0.2557,0.5969,1.1452,0.2014,0.5512,0.9357
197002,0.2562,0.5991,1.1492,0.2016,0.5511,0.9404
197003,0.2573,0.5998,1.1533,0.2023,0.5505,0.9329
197004,0.2586,0.6017,1.1503,0.2036,0.55,0.932
197005,0.2623,0.6004,1.1484,0.2042,0.5503,0.9308
197006,0.2629,0.6013,1.1386,0.2049,0.5524,0.9268
197007,0.5455,1.0863,2.0022,0.3084,0.8363,1.5615
197008,0.5458,1.0887,2.0064,0.3134,0.8394,1.5548
197009,0.5497,1.0954,2.0162,0.3143,0.8381,1.5692
197010,0.5583,1.1114,2.0386,0.3136,0.8411,1.5822
197011,0.5506,1.0981,2.0185,0.3089,0.8402,1.5636
197012,0.5488,1.0966,2.0133,0.3094,0.8395,1.5564
197101,0.5494,1.0987,2.0212,0.3122,0.8422,1.5688
197102,0.5568,1.1021,2.0462,0.3147,0.8445,1.5787
197103,0.5557,1.1025,2.0438,0.3144,0.8428,1.5776
197104,0.5514,1.1074,2.0459,0.3144,0.842,1.5839
197105,0.5503,1.1077,2.0797,0.3171,0.8413,1.6006
197106,0.5464,1.1061,2.0594,0.3165,0.8408,1.5808
197107,0.3052,0.7017,1.5427,0.2517,0.7535,1.3254
197108,0.3064,0.7041,1.558,0.253,0.7539,1.3229
197109,0.3057,0.7029,1.6056,0.2529,0.7511,1.3346
197110,0.3042,0.7031,1.5914,0.2521,0.7517,1.33
197111,0.3034,0.7051,1.5543,0.2511,0.7533,1.3255
197112,0.3006,0.7048,1.5266,0.2501,0.7526,1.3236
197201,0.3004,0.7033,1.5406,0.2491,0.752,1.3287
197202,0.3004,0.7011,1.5162,0.2475,0.7512,1.3295
197203,0.3005,0.6988,1.5154,0.2457,0.7495,1.328
197204,0.3008,0.698,1.5098,0.2455,0.7487,1.3293
197205,0.2999,0.6974,1.5091,0.2443,0.7476,1.3264
197206,0.2979,0.6961,1.5074,0.2417,0.7478,1.3234
197207,0.3156,0.7137,1.4935,0.2183,0.7387,1.2485
197208,0.3164,0.7142,1.4795,0.2161,0.7386,1.2482
197209,0.3181,0.716,1.4931,0.2187,0.7404,1.2453
197210,0.3154,0.7171,1.4843,0.2173,0.741,1.2406
197211,0.314,0.72,1.4853,0.2168,0.7419,1.2387
197212,0.3153,0.7228,1.4914,0.2199,0.7437,1.2452
197301,0.3123,0.7221,1.4905,0.2176,0.7425,1.2412
197302,0.3137,0.7232,1.4889,0.2151,0.7441,1.2379
197303,0.3173,0.7275,1.5016,0.2136,0.7438,1.2406
197304,0.319,0.7285,1.5022,0.2128,0.7447,1.2432
197305,0.3226,0.7315,1.4951,0.2138,0.7466,1.2414
197306,0.3217,0.7336,1.4888,0.2117,0.7466,1.2379
197307,0.5235,1.1141,2.1161,0.2731,0.8536,1.588
197308,0.5271,1.1317,2.1582,0.277,0.8557,1.5961
197309,0.5182,1.126,2.1524,0.2771,0.8559,1.5967
197310,0.5179,1.129,2.1619,0.2848,0.8584,1.6017
197311,0.5137,1.1196,2.1598,0.2821,0.8532,1.6122
197312,0.513,1.1062,2.2012,0.2757,0.8471,1.6085
197401,0.505,1.1013,2.1751,0.2772,0.8442,1.6207
197402,0.5119,1.1128,2.2061,0.2817,0.853,1.6177
197403,0.5097,1.1137,2.1895,0.2833,0.8544,1.6246
197404,0.5097,1.1085,2.1777,0.2817,0.8549,1.6228
197405,0.5096,1.1087,2.1682,0.2798,0.8551,1.6318
197406,0.5073,1.1091,2.149,0.2761,0.8558,1.6298
197407,0.6759,1.4157,2.6601,0.4414,1.3212,2.1835
197408,0.6815,1.4176,2.675,0.4533,1.3296,2.2092
197409,0.6832,1.4149,2.6734,0.4518,1.3239,2.2019
197410,0.691,1.4173,2.6538,0.4642,1.3308,2.2005
197411,0.6902,1.4174,2.6475,0.4618,1.3329,2.2135
197412,0.6925,1.4244,2.641,0.4655,1.3375,2.2065
197501,0.6921,1.4259,2.6277,0.4709,1.3342,2.2016
197502,0.6937,1.4335,2.6772,0.4729,1.3399,2.2227
197503,0.6877,1.4322,2.701,0.4606,1.3362,2.2217
197504,0.6862,1.4307,2.7075,0.4582,1.3327,2.1974
197505,0.6836,1.427,2.6916,0.4584,1.3291,2.1931
197506,0.6808,1.4303,2.6902,0.4616,1.3331,2.2021
197507,0.5669,1.2419,2.2278,0.5048,1.2489,2.174
197508,0.5742,1.2484,2.248,0.5105,1.2475,2.176
197509,0.5739,1.2536,2.2285,0.5106,1.2509,2.1633
197510,0.5748,1.2555,2.2248,0.5147,1.2488,2.1698
197511,0.5714,1.2516,2.2187,0.5107,1.2453,2.1587
197512,0.5728,1.2535,2.2232,0.508,1.2449,2.1526
197601,0.5727,1.2546,2.2268,0.5131,1.2447,2.1572
197602,0.569,1.2487,2.223,0.5097,1.2447,2.1657
197603,0.5661,1.2478,2.2445,0.5136,1.241,2.1836
197604,0.5641,1.2473,2.2452,0.5127,1.2416,2.1877
197605,0.5664,1.2522,2.2466,0.5174,1.2443,2.1984
197606,0.5683,1.2562,2.2493,0.5201,1.2434,2.2059
197607,0.5144,1.1177,1.9329,0.4534,1.1238,1.7058
197608,0.517,1.1224,1.9389,0.4554,1.126,1.7104
197609,0.5204,1.1239,1.9332,0.4556,1.1292,1.7113
197610,0.5185,1.1233,1.9276,0.4569,1.1285,1.7024
197611,0.519,1.124,1.9307,0.458,1.1295,1.7037
197612,0.5181,1.1231,1.9294,0.4604,1.13,1.7101
197701,0.5201,1.1231,1.9405,0.463,1.1279,1.6992
197702,0.5195,1.1228,1.9459,0.4663,1.1308,1.7049
197703,0.5215,1.1235,1.9434,0.4649,1.131,1.7022
197704,0.5191,1.1213,1.9407,0.4648,1.1308,1.7036
197705,0.518,1.1226,1.94,0.4694,1.1291,1.7019
197706,0.5181,1.124,1.9394,0.4706,1.1307,1.7028
197707,0.5069,1.0345,1.7969,0.5263,1.0727,1.643
197708,0.5081,1.0383,1.7992,0.5255,1.0749,1.6353
197709,0.5065,1.0374,1.7925,0.523,1.0744,1.6324
197710,0.5061,1.0379,1.7876,0.5238,1.0744,1.631
197711,0.5079,1.0401,1.7876,0.5236,1.0744,1.6307
197712,0.5082,1.0379,1.7915,0.5225,1.0738,1.6335
197801,0.5071,1.037,1.7891,0.5217,1.0731,1.6349
197802,0.5073,1.0379,1.7984,0.5202,1.0741,1.6406
197803,0.5058,1.0365,1.7961,0.5212,1.0739,1.6327
197804,0.506,1.038,1.8082,0.5243,1.0745,1.6335
197805,0.5017,1.0377,1.8117,0.5229,1.0717,1.6377
197806,0.5018,1.0355,1.8158,0.5218,1.0709,1.6371
197807,0.4675,1.0083,1.6644,0.5207,1.1167,1.7293
197808,0.4655,1.0077,1.669,0.519,1.114,1.7263
197809,0.4628,1.0049,1.6757,0.5188,1.1135,1.7224
197810,0.4643,1.0053,1.6776,0.5222,1.116,1.7283
197811,0.4705,1.0162,1.6725,0.5209,1.1199,1.7321
197812,0.4678,1.0105,1.6631,0.5203,1.1188,1.7272
197901,0.4638,1.0058,1.664,0.5168,1.1179,1.7225
197902,0.4615,1.0047,1.6757,0.5188,1.1175,1.7288
197903,0.462,1.0042,1.6781,0.5189,1.1205,1.729
197904,0.4588,1.0011,1.683,0.5204,1.1189,1.7308
197905,0.4591,1.0005,1.682,0.5195,1.1181,1.7289
197906,0.4614,1.0002,1.6885,0.52,1.1184,1.7273
197907,0.4661,1.04,1.7089,0.5293,1.0957,1.7171
197908,0.466,1.0416,1.7222,0.5321,1.0943,1.7198
197909,0.4655,1.0417,1.728,0.5332,1.0922,1.7187
197910,0.4622,1.0401,1.72,0.5343,1.0891,1.7156
197911,0.463,1.0382,1.7181,0.5332,1.0879,1.7103
197912,0.4551,1.0346,1.7129,0.5328,1.0849,1.6953
198001,0.4491,1.0297,1.7074,0.5334,1.0833,1.7003
198002,0.4468,1.0249,1.7087,0.535,1.0754,1.7111
198003,0.4424,1.0211,1.7051,0.5354,1.0714,1.7046
198004,0.4476,1.0327,1.7184,0.5348,1.079,1.7083
198005,0.4487,1.034,1.7068,0.5354,1.0831,1.7005
198006,0.4471,1.0346,1.7105,0.5359,1.0819,1.6977
198007,0.4177,1.1283,1.9139,0.5058,1.0117,1.7591
198008,0.4222,1.1275,1.9238,0.5026,1.0147,1.7811
198009,0.4213,1.127,1.9249,0.4998,1.0137,1.7761
198010,0.4184,1.1252,1.9276,0.4984,1.0052,1.7796
198011,0.4129,1.1224,1.9217,0.4978,0.9963,1.7726
198012,0.4045,1.119,1.9206,0.494,0.9784,1.7588
198101,0.4084,1.1183,1.9191,0.4911,0.9885,1.7548
198102,0.412,1.1173,1.9297,0.4944,0.9977,1.7628
198103,0.4141,1.1134,1.9363,0.4952,1.0012,1.7648
198104,0.4155,1.114,1.94,0.4949,1.0062,1.7852
198105,0.4179,1.1135,1.9411,0.4942,1.0145,1.7801
198106,0.4157,1.1122,1.9478,0.4911,1.0204,1.7843
198107,0.3283,0.9211,1.6435,0.4802,0.9905,1.6403
198108,0.3291,0.9246,1.6415,0.4844,0.9956,1.6389
198109,0.3325,0.926,1.6434,0.485,0.9961,1.6382
198110,0.3335,0.9242,1.6417,0.4825,0.9995,1.6349
198111,0.3302,0.9235,1.6341,0.4814,0.9961,1.6289
198112,0.3329,0.925,1.6356,0.4845,0.9987,1.6335
198201,0.335,0.923,1.6344,0.4834,0.999,1.6354
198202,0.3359,0.9246,1.6398,0.4806,0.9985,1.6338
198203,0.3377,0.9241,1.6413,0.476,0.9995,1.6354
198204,0.339,0.9238,1.6395,0.4772,0.9968,1.6329
198205,0.3381,0.9236,1.6428,0.4771,0.994,1.6316
198206,0.3407,0.924,1.6431,0.4804,0.9953,1.6368
198207,0.5288,1.2442,2.1955,0.5531,1.2742,1.9404
198208,0.5242,1.2414,2.189,0.5484,1.2711,1.9372
198209,0.5266,1.2466,2.2047,0.5474,1.2759,1.9393
198210,0.52,1.2436,2.202,0.5449,1.2738,1.9365
198211,0.5177,1.2422,2.2003,0.5438,1.278,1.9456
198212,0.5095,1.2419,2.2087,0.5393,1.2794,1.9465
198301,0.5081,1.237,2.2067,0.5417,1.2797,1.9547
198302,0.5054,1.2379,2.2205,0.5418,1.2812,1.9557
198303,0.5039,1.237,2.2306,0.5395,1.2775,1.9609
198304,0.5066,1.2359,2.2209,0.5385,1.2777,1.9642
198305,0.5029,1.2346,2.2408,0.5379,1.2798,1.9709
198306,0.5029,1.2335,2.2478,0.5378,1.282,1.9793
198307,0.2626,0.7521,1.3733,0.3307,0.8582,1.3883
198308,0.2655,0.7581,1.3767,0.331,0.8619,1.3889
198309,0.2671,0.7618,1.3801,0.3327,0.8655,1.3898
198310,0.268,0.7616,1.3804,0.3332,0.8641,1.3913
198311,0.2715,0.7659,1.3828,0.3373,0.8649,1.3924
198312,0.271,0.7634,1.3831,0.3376,0.8635,1.3902
198401,0.2735,0.7627,1.3852,0.339,0.8633,1.3878
198402,0.275,0.7673,1.3894,0.3425,0.8647,1.3976
198403,0.2767,0.7711,1.3856,0.3424,0.8664,1.4046
198404,0.2767,0.7698,1.3929,0.3428,0.8647,1.4029
198405,0.2779,0.769,1.3903,0.3415,0.8629,1.401
198406,0.2797,0.7723,1.38,0.3437,0.8633,1.3797
198407,0.395,0.9052,1.59,0.4059,0.8959,1.6182
198408,0.3952,0.9071,1.5779,0.4059,0.8971,1.632
198409,0.3949,0.911,1.5807,0.4063,0.9003,1.6284
198410,0.3976,0.9085,1.6041,0.4088,0.9046,1.6305
198411,0.4005,0.9088,1.5931,0.4093,0.9038,1.6257
198412,0.4019,0.9117,1.5908,0.4106,0.9048,1.6312
198501,0.4019,0.9127,1.5908,0.4104,0.908,1.6353
198502,0.3981,0.9149,1.6238,0.4091,0.9096,1.6367
198503,0.3969,0.9141,1.6199,0.4088,0.9084,1.6371
198504,0.3956,0.9132,1.6217,0.4096,0.9056,1.6353
198505,0.395,0.9145,1.6166,0.4089,0.9054,1.6242
198506,0.395,0.9154,1.6155,0.4095,0.9037,1.6701
198507,0.3437,0.8154,1.4686,0.384,0.8035,1.3019
198508,0.3455,0.8162,1.4808,0.3854,0.804,1.3059
198509,0.346,0.8145,1.4771,0.3853,0.8041,1.305
198510,0.347,0.8151,1.4718,0.386,0.8028,1.3053
198511,0.3444,0.8103,1.4629,0.3854,0.806,1.3041
198512,0.3428,0.8075,1.4643,0.3853,0.8052,1.301
198601,0.3426,0.8071,1.4606,0.3857,0.8063,1.3
198602,0.3406,0.8016,1.4646,0.3848,0.805,1.3052
198603,0.3414,0.8003,1.4436,0.3856,0.803,1.3068
198604,0.3422,0.7994,1.4453,0.3836,0.8034,1.3081
198605,0.3403,0.7965,1.4224,0.3832,0.8014,1.3081
198606,0.3393,0.7953,1.4163,0.3809,0.8023,1.3052
198607,0.2738,0.6645,1.2518,0.3023,0.6701,1.1297
198608,0.2746,0.6629,1.2302,0.3023,0.6712,1.1204
198609,0.277,0.665,1.2403,0.3039,0.677,1.1285
198610,0.2769,0.6685,1.2432,0.306,0.6804,1.1419
198611,0.2774,0.6658,1.2383,0.3035,0.6789,1.1417
198612,0.2781,0.6701,1.2415,0.3041,0.6801,1.1384
198701,0.2788,0.6713,1.236,0.3034,0.6809,1.1402
198702,0.2798,0.6717,1.2427,0.3025,0.6817,1.1411
198703,0.2779,0.6698,1.238,0.3009,0.6775,1.1422
198704,0.2759,0.6705,1.2421,0.3016,0.6807,1.1519
198705,0.277,0.6733,1.2472,0.303,0.6831,1.1526
198706,0.2765,0.6739,1.2754,0.3024,0.6847,1.1434
198707,0.2438,0.6294,1.1783,0.2645,0.6016,1.029
198708,0.2449,0.6291,1.1686,0.2647,0.6012,1.0243
198709,0.2458,0.6283,1.1684,0.265,0.6013,1.0265
198710,0.2463,0.6295,1.1519,0.2663,0.603,1.0265
198711,0.2492,0.6412,1.1622,0.2655,0.6125,1.0379
198712,0.2509,0.6419,1.1608,0.2656,0.6139,1.04
198801,0.2476,0.6376,1.1418,0.2655,0.6103,1.0349
198802,0.2483,0.6406,1.1499,0.2663,0.6164,1.0385
198803,0.2496,0.6367,1.1414,0.2658,0.6118,1.0373
198804,0.2494,0.6343,1.1375,0.2663,0.6115,1.039
198805,0.2485,0.6349,1.1399,0.2669,0.61,1.0367
198806,0.2497,0.6348,1.1379,0.2667,0.6132,1.0412
198807,0.3126,0.7027,1.3824,0.3356,0.736,1.2398
198808,0.314,0.705,1.3537,0.3356,0.7385,1.2411
198809,0.3143,0.7081,1.3504,0.3362,0.7415,1.2432
198810,0.3143,0.7077,1.354,0.3362,0.7422,1.2461
198811,0.3147,0.7105,1.3274,0.3393,0.7425,1.2471
198812,0.3167,0.7079,1.3343,0.3401,0.7431,1.2504
198901,0.3159,0.7053,1.3307,0.3383,0.7421,1.2496
198902,0.3175,0.7073,1.332,0.338,0.7419,1.2498
198903,0.3179,0.7075,1.3282,0.3376,0.7439,1.2501
198904,0.3181,0.7046,1.3254,0.3378,0.7439,1.2448
198905,0.3169,0.7042,1.3254,0.3324,0.7452,1.2458
198906,0.3161,0.7028,1.3289,0.3328,0.746,1.2465
198907,0.3162,0.6938,1.304,0.3067,0.6807,1.1095
198908,0.3152,0.6907,1.2956,0.306,0.6803,1.1086
198909,0.3152,0.6905,1.2954,0.3076,0.6792,1.1108
198910,0.3137,0.6888,1.2853,0.3066,0.678,1.1086
198911,0.3118,0.6887,1.2757,0.3051,0.6794,1.1048
198912,0.3127,0.6866,1.2673,0.3055,0.6788,1.1029
199001,0.3134,0.6842,1.2523,0.3084,0.6812,1.1026
199002,0.3147,0.6873,1.2485,0.3096,0.682,1.106
199003,0.3149,0.6872,1.2473,0.3094,0.6807,1.1059
199004,0.3136,0.6868,1.239,0.3094,0.6801,1.1067
199005,0.314,0.6868,1.2336,0.3079,0.679,1.1042
199006,0.3132,0.6837,1.2288,0.3056,0.6754,1.1037
199007,0.2856,0.7256,1.5089,0.2694,0.702,1.235
199008,0.2856,0.7243,1.4975,0.2689,0.7024,1.2338
199009,0.2862,0.7271,1.4824,0.267,0.702,1.2347
199010,0.2867,0.7257,1.461,0.267,0.7005,1.2319
199011,0.2855,0.7227,1.4365,0.2659,0.7004,1.2315
199012,0.2842,0.7204,1.4333,0.2654,0.7005,1.2299
199101,0.2827,0.714,1.4086,0.2642,0.7,1.23
199102,0.2797,0.715,1.4199,0.2646,0.7001,1.2274
199103,0.28,0.7147,1.4379,0.2621,0.6998,1.2292
199104,0.2773,0.7122,1.4425,0.2609,0.7006,1.2301
199105,0.2777,0.7137,1.4504,0.2613,0.7023,1.2302
199106,0.2773,0.7128,1.4417,0.2613,0.7019,1.2293
199107,0.2958,0.7432,1.6389,0.2884,0.7725,1.2759
199108,0.2937,0.7415,1.6273,0.2853,0.7716,1.2724
199109,0.291,0.7404,1.6266,0.2835,0.773,1.2722
199110,0.2892,0.7401,1.6042,0.283,0.7756,1.2717
199111,0.286,0.7371,1.5983,0.2815,0.7757,1.2704
199112,0.2839,0.7399,1.5825,0.2762,0.7783,1.2731
199201,0.2798,0.7314,1.5607,0.273,0.7747,1.2698
199202,0.2798,0.7303,1.6082,0.2759,0.7729,1.2789
199203,0.2819,0.7314,1.6223,0.2764,0.7711,1.2875
199204,0.2856,0.7329,1.6106,0.2772,0.7703,1.2875
199205,0.2887,0.7374,1.6226,0.2807,0.7711,1.2928
199206,0.2896,0.7403,1.6421,0.2798,0.7719,1.2919
199207,0.2967,0.6824,1.317,0.2444,0.6705,1.0947
199208,0.2976,0.6828,1.3076,0.2438,0.671,1.095
199209,0.2986,0.683,1.3042,0.2431,0.6723,1.0965
199210,0.2979,0.6826,1.2985,0.2453,0.6723,1.0962
199211,0.2964,0.6823,1.2819,0.2453,0.6712,1.0979
199212,0.2972,0.6838,1.2764,0.246,0.6696,1.0992
199301,0.2967,0.6835,1.2852,0.2473,0.6696,1.0986
199302,0.2978,0.6828,1.2917,0.2486,0.6697,1.1001
199303,0.3004,0.6829,1.2967,0.2506,0.6704,1.0992
199304,0.2997,0.683,1.2987,0.2513,0.6697,1.098
199305,0.2991,0.685,1.2982,0.2532,0.67,1.0988
199306,0.2978,0.6857,1.3012,0.2527,0.669,1.1001
199307,0.2645,0.5793,1.1819,0.2415,0.5553,0.9326
199308,0.2639,0.5813,1.169,0.2419,0.5555,0.9307
199309,0.2642,0.5781,1.1657,0.2419,0.5552,0.9292
199310,0.2623,0.5768,1.1727,0.2414,0.555,0.9277
199311,0.2631,0.5785,1.1701,0.2413,0.5549,0.9306
199312,0.2648,0.581,1.1768,0.2408,0.5555,0.9337
199401,0.2654,0.5802,1.1857,0.2409,0.5548,0.9277
199402,0.2659,0.5808,1.1948,0.2418,0.554,0.9296
199403,0.2677,0.5806,1.189,0.2412,0.5535,0.9303
199404,0.2699,0.5809,1.1932,0.2416,0.5532,0.9284
199405,0.2716,0.5771,1.2008,0.2418,0.5536,0.9304
199406,0.2721,0.577,1.2021,0.2428,0.5536,0.9315
199407,0.2596,0.5434,1.0366,0.2383,0.521,0.8518
199408,0.2583,0.544,1.0429,0.2392,0.5219,0.8505
199409,0.2579,0.5444,1.0465,0.2381,0.5217,0.8505
199410,0.257,0.5437,1.0404,0.237,0.5224,0.8515
199411,0.2563,0.5409,1.0367,0.2367,0.5222,0.8538
199412,0.2569,0.5411,1.0319,0.236,0.5232,0.8584
199501,0.2555,0.5407,1.0364,0.2361,0.5235,0.8596
199502,0.257,0.5423,1.0327,0.2368,0.5251,0.8602
199503,0.2571,0.5427,1.0345,0.2368,0.5242,0.8582
199504,0.2561,0.5399,1.0346,0.2362,0.5229,0.8578
199505,0.2568,0.5405,1.0425,0.2367,0.5224,0.8591
199506,0.2566,0.5404,1.048,0.2359,0.523,0.8586
199507,0.223,0.5077,0.9416,0.2049,0.4665,0.7459
199508,0.2218,0.5076,0.9375,0.2048,0.4652,0.7449
199509,0.221,0.5079,0.9355,0.2045,0.4661,0.7453
199510,0.2195,0.5063,0.9333,0.2042,0.4662,0.7455
199511,0.218,0.5067,0.9341,0.203,0.4667,0.7461
199512,0.2167,0.5052,0.9272,0.2033,0.4666,0.7457
199601,0.2143,0.5055,0.9256,0.2047,0.4666,0.7467
199602,0.2152,0.5059,0.9295,0.2043,0.4655,0.7457
199603,0.215,0.5036,0.9252,0.2035,0.4643,0.7443
199604,0.2152,0.5031,0.9236,0.204,0.4649,0.7426
199605,0.2136,0.5017,0.9071,0.2031,0.4645,0.7428
199606,0.2128,0.5008,0.9004,0.2021,0.4649,0.7422
199607,0.1852,0.4611,0.8847,0.1825,0.4435,0.7869
199608,0.1882,0.4634,0.8853,0.1824,0.443,0.7852
199609,0.187,0.4634,0.8829,0.1823,0.4432,0.7862
199610,0.1859,0.4623,0.8801,0.1816,0.4428,0.7869
199611,0.1873,0.4633,0.879,0.1815,0.4436,0.787
199612,0.1904,0.4668,0.8761,0.1815,0.4444,0.7862
199701,0.1889,0.4655,0.8762,0.1818,0.4436,0.7875
199702,0.1903,0.4666,0.8763,0.181,0.4428,0.7854
199703,0.1934,0.4699,0.8782,0.1816,0.4441,0.7855
199704,0.1938,0.469,0.8741,0.1826,0.4428,0.7868
199705,0.1949,0.4706,0.8734,0.1807,0.4424,0.783
199706,0.1942,0.4683,0.8704,0.1805,0.4417,0.7823
199707,0.2002,0.4306,0.8073,0.1618,0.3844,0.7349
199708,0.2012,0.4324,0.8095,0.1618,0.3855,0.7336
199709,0.2025,0.4322,0.8093,0.1634,0.3861,0.7346
199710,0.2015,0.432,0.8124,0.1636,0.3859,0.7356
199711,0.2015,0.4336,0.8121,0.1626,0.3865,0.7363
199712,0.2005,0.4332,0.8078,0.162,0.3869,0.7385
199801,0.1979,0.4327,0.7996,0.1625,0.3876,0.7396
199802,0.1969,0.4328,0.8038,0.161,0.3871,0.7409
199803,0.1982,0.4315,0.8056,0.1601,0.3868,0.7405
199804,0.1987,0.4323,0.808,0.1591,0.387,0.7419
199805,0.1993,0.4313,0.8089,0.1586,0.3856,0.7382
199806,0.2,0.4324,0.8091,0.1584,0.3857,0.7425
199807,0.1886,0.4094,0.7961,0.1362,0.3528,0.6077
199808,0.1876,0.4085,0.7953,0.1354,0.3511,0.6108
199809,0.1899,0.4081,0.7891,0.1352,0.3552,0.6145
199810,0.1873,0.4058,0.7851,0.1345,0.3594,0.6188
199811,0.1891,0.4065,0.788,0.1353,0.3585,0.6149
199812,0.1864,0.4035,0.7817,0.1344,0.3569,0.615
199901,0.1848,0.3993,0.7769,0.1328,0.3556,0.6135
199902,0.1849,0.3961,0.7834,0.1306,0.3541,0.6109
199903,0.1832,0.3964,0.7826,0.1307,0.3523,0.6099
199904,0.1811,0.3916,0.7787,0.1284,0.351,0.6106
199905,0.1817,0.3895,0.7805,0.1313,0.3526,0.6075
199906,0.1841,0.3939,0.7817,0.1328,0.3537,0.6142
199907,0.2063,0.4742,0.9997,0.1271,0.4049,0.8653
199908,0.2057,0.4763,0.9976,0.1276,0.4058,0.8651
199909,0.204,0.4746,0.9852,0.1252,0.4054,0.8604
199910,0.2023,0.4721,0.9838,0.1245,0.4035,0.8547
199911,0.1994,0.4685,0.9647,0.1235,0.4002,0.8651
199912,0.1977,0.4659,0.9551,0.1205,0.3968,0.8527
200001,0.1948,0.4568,0.9418,0.1164,0.3935,0.8411
200002,0.1976,0.4594,0.9431,0.1183,0.3917,0.8426
200003,0.1932,0.4486,0.9093,0.1145,0.3857,0.818
200004,0.1949,0.4503,0.9123,0.1154,0.3902,0.8089
200005,0.2014,0.4505,0.8982,0.1182,0.3978,0.81
200006,0.2053,0.456,0.8994,0.1214,0.4024,0.8155
200007,0.219,0.6262,1.4821,0.1263,0.5587,1.2424
200008,0.2252,0.6302,1.4911,0.1281,0.5609,1.2262
200009,0.2211,0.6273,1.4545,0.1265,0.5583,1.2263
200010,0.2166,0.6205,1.4231,0.1295,0.5603,1.2003
200011,0.2195,0.6191,1.4047,0.1325,0.5585,1.1989
200012,0.2243,0.6232,1.3932,0.1374,0.5588,1.2109
200101,0.2257,0.6182,1.3578,0.1416,0.5584,1.201
200102,0.2289,0.628,1.4138,0.1404,0.5638,1.1707
200103,0.2359,0.6271,1.4244,0.1475,0.5653,1.1697
200104,0.2395,0.625,1.4406,0.1515,0.565,1.1725
200105,0.2352,0.6257,1.4496,0.1492,0.5628,1.1806
200106,0.2343,0.6285,1.4849,0.1505,0.5636,1.1687
200107,0.228,0.5307,1.3307,0.1706,0.51,1.1451
200108,0.226,0.5284,1.2975,0.1711,0.5096,1.1281
200109,0.2248,0.5247,1.2802,0.1714,0.5105,1.1149
200110,0.2238,0.5172,1.2583,0.1695,0.5129,1.1243
200111,0.2229,0.518,1.2678,0.1689,0.5129,1.1317
200112,0.2264,0.5203,1.279,0.1689,0.5129,1.1381
200201,0.2307,0.5216,1.2776,0.1701,0.5116,1.1254
200202,0.2299,0.5219,1.2634,0.1702,0.5099,1.0969
200203,0.2278,0.5196,1.2451,0.1701,0.5078,1.073
200204,0.2291,0.5182,1.2427,0.1721,0.5061,1.0749
200205,0.2279,0.5147,1.2447,0.1734,0.5063,1.059
200206,0.2266,0.5152,1.2391,0.1739,0.5062,1.0499
200207,0.3272,0.5864,1.213,0.2174,0.5492,1.2641
200208,0.328,0.5743,1.184,0.2156,0.5434,1.2176
200209,0.3254,0.5719,1.1693,0.2144,0.5455,1.2723
200210,0.3178,0.5599,1.1454,0.2117,0.5372,1.2493
200211,0.3217,0.5689,1.1495,0.2135,0.5429,1.2993
200212,0.3399,0.5929,1.1723,0.2166,0.5533,1.3379
200301,0.331,0.5791,1.1407,0.2147,0.5482,1.3202
200302,0.3329,0.5806,1.1566,0.2147,0.5493,1.3068
200303,0.3312,0.5766,1.1609,0.2136,0.5483,1.2895
200304,0.3262,0.574,1.1684,0.2118,0.5512,1.282
200305,0.3292,0.5838,1.1786,0.2141,0.5541,1.2986
200306,0.3401,0.5988,1.2064,0.2168,0.5603,1.3147
200307,0.2456,0.5392,1.1009,0.2123,0.5096,0.872
200308,0.245,0.541,1.0997,0.2134,0.5094,0.8705
200309,0.2447,0.5416,1.0992,0.2143,0.5098,0.8719
200310,0.2442,0.5437,1.1093,0.2134,0.5091,0.8748
200311,0.2445,0.544,1.1045,0.2145,0.5085,0.8725
200312,0.2446,0.544,1.1098,0.2143,0.5085,0.8738
200401,0.2466,0.5462,1.1211,0.2154,0.5089,0.876
200402,0.2472,0.5447,1.1252,0.2152,0.5093,0.8775
200403,0.2489,0.5448,1.123,0.2148,0.5096,0.8778
200404,0.249,0.5451,1.1233,0.2148,0.5071,0.8771
200405,0.249,0.5469,1.1333,0.2137,0.5084,0.8816
200406,0.2486,0.5469,1.1365,0.2137,0.5078,0.8828
200407,0.2162,0.4607,0.8467,0.2027,0.4491,0.7714
200408,0.2163,0.4597,0.8469,0.2043,0.4488,0.7699
200409,0.2171,0.4605,0.8441,0.2045,0.4495,0.7693
200410,0.2156,0.4593,0.8391,0.2048,0.4491,0.7755
200411,0.216,0.4588,0.8397,0.2053,0.4497,0.7749
200412,0.2158,0.4587,0.8405,0.2054,0.4487,0.7735
200501,0.2161,0.46,0.8448,0.2045,0.4492,0.7752
200502,0.2152,0.459,0.8386,0.2043,0.449,0.7744
200503,0.2151,0.4573,0.8373,0.2056,0.4479,0.7613
200504,0.2161,0.4581,0.8365,0.2055,0.449,0.7595
200505,0.2159,0.4568,0.8373,0.2053,0.4492,0.7587
200506,0.2167,0.4556,0.8357,0.2048,0.4477,0.7603
200507,0.2244,0.4589,0.825,0.2117,0.4444,0.7301
200508,0.2252,0.4593,0.8273,0.2119,0.4458,0.7295
200509,0.2257,0.4582,0.8289,0.2122,0.4457,0.7246
200510,0.2252,0.4564,0.8261,0.2133,0.4455,0.7214
200511,0.2243,0.456,0.8256,0.2131,0.4478,0.7235
200512,0.2236,0.4555,0.8289,0.2137,0.4486,0.7241
200601,0.2229,0.4554,0.8305,0.2134,0.4491,0.7247
200602,0.2229,0.4543,0.833,0.2133,0.4487,0.7226
200603,0.2234,0.4552,0.8356,0.2134,0.4489,0.7229
200604,0.2235,0.4555,0.8379,0.2137,0.4497,0.7231
200605,0.2234,0.4545,0.8367,0.2137,0.4504,0.7229
200606,0.2229,0.4546,0.8363,0.214,0.4507,0.7231
200607,0.2034,0.4283,0.7851,0.2101,0.4352,0.7053
200608,0.2034,0.4287,0.7816,0.2116,0.4364,0.705
200609,0.2048,0.4301,0.7838,0.2117,0.4374,0.7075
200610,0.2052,0.4312,0.7841,0.2117,0.4382,0.708
200611,0.204,0.4304,0.7865,0.2112,0.4377,0.7068
200612,0.2037,0.4315,0.7865,0.2112,0.438,0.7075
200701,0.2032,0.4328,0.7918,0.2119,0.4401,0.7067
200702,0.2029,0.4326,0.7943,0.2113,0.4391,0.7072
200703,0.2031,0.4318,0.797,0.2113,0.4395,0.7081
200704,0.2019,0.4309,0.7962,0.211,0.4385,0.7063
200705,0.2013,0.4298,0.7971,0.2111,0.4383,0.7069
200706,0.2014,0.4284,0.7995,0.211,0.4378,0.7062
200707,0.1871,0.4214,0.795,0.1892,0.4095,0.7088
200708,0.1858,0.4208,0.7912,0.1889,0.4079,0.7069
200709,0.1852,0.4213,0.7883,0.189,0.4078,0.7049
200710,0.1844,0.4203,0.7808,0.1888,0.407,0.7048
200711,0.1843,0.4195,0.7741,0.1873,0.4033,0.6997
200712,0.1843,0.4191,0.7699,0.1882,0.4021,0.7005
200801,0.1841,0.418,0.7669,0.188,0.3996,0.6969
200802,0.1858,0.4212,0.7711,0.1896,0.4022,0.6969
200803,0.186,0.4204,0.7661,0.1901,0.3986,0.6951
200804,0.1867,0.4189,0.7694,0.1905,0.3972,0.6956
200805,0.1871,0.4179,0.7679,0.1894,0.3968,0.6944
200806,0.1865,0.4163,0.7657,0.1885,0.3937,0.6927
200807,0.2462,0.5835,1.4175,0.2263,0.5359,1.1547
200808,0.2488,0.5944,1.4707,0.2278,0.5394,1.17
200809,0.2516,0.5999,1.5981,0.229,0.534,1.148
200810,0.2523,0.603,1.502,0.2304,0.5264,1.123
200811,0.2539,0.6074,1.5089,0.2315,0.5213,1.1412
200812,0.2552,0.6006,1.4403,0.2325,0.5178,1.1209
200901,0.2534,0.6012,1.4551,0.2329,0.5165,1.0731
200902,0.2534,0.5943,1.3942,0.2302,0.516,1.0298
200903,0.2537,0.587,1.3326,0.2286,0.5134,1.0222
200904,0.2556,0.5871,1.3621,0.2284,0.5162,1.0354
200905,0.2565,0.5897,1.3783,0.2292,0.52,1.0437
200906,0.2566,0.59,1.4159,0.2288,0.521,1.0533
200907,0.3134,0.7713,1.6114,0.2826,0.7142,1.3856
200908,0.3152,0.7764,1.6065,0.2834,0.7133,1.392
200909,0.317,0.7835,1.6812,0.2843,0.7165,1.4592
200910,0.3147,0.7844,1.6968,0.2828,0.7169,1.441
200911,0.3177,0.7819,1.6693,0.2827,0.7154,1.4197
200912,0.3164,0.7793,1.6782,0.2828,0.7161,1.4262
201001,0.3176,0.7789,1.696,0.2824,0.714,1.4052
201002,0.3189,0.7869,1.7089,0.2827,0.7194,1.4383
201003,0.3189,0.7873,1.7054,0.2824,0.7189,1.4387
201004,0.3169,0.7863,1.7275,0.2817,0.7204,1.4585
201005,0.3176,0.7865,1.7479,0.2814,0.7217,1.4781
201006,0.3171,0.7834,1.7227,0.2811,0.7199,1.4668
201007,0.2663,0.6271,1.2964,0.2691,0.639,1.1283
201008,0.2672,0.629,1.2971,0.269,0.6415,1.1335
201009,0.2664,0.6281,1.2968,0.2685,0.6403,1.1238
201010,0.2658,0.6292,1.2924,0.2681,0.6415,1.1278
201011,0.2673,0.6279,1.2886,0.268,0.6417,1.1267
201012,0.2686,0.6278,1.2772,0.2684,0.6405,1.1242
201101,0.2689,0.6305,1.2788,0.2691,0.6426,1.1385
201102,0.2682,0.6307,1.2759,0.2706,0.6433,1.1364
201103,0.2678,0.6319,1.2798,0.27,0.6421,1.1287
201104,0.2666,0.6298,1.2742,0.2685,0.6421,1.1252
201105,0.2665,0.6291,1.2714,0.2681,0.64,1.1229
201106,0.266,0.6254,1.2702,0.2669,0.6394,1.1202
201107,0.2127,0.5166,1.0808,0.2102,0.4794,0.9796
201108,0.2111,0.5175,1.0758,0.2095,0.4786,0.9743
201109,0.2103,0.5172,1.0687,0.2096,0.4791,0.9613
201110,0.2087,0.5186,1.0654,0.2094,0.4791,0.9456
201111,0.2095,0.5165,1.0589,0.2101,0.4786,0.95
201112,0.2086,0.5161,1.0535,0.2102,0.4779,0.9356
201201,0.2106,0.5165,1.0571,0.211,0.4786,0.9337
201202,0.2089,0.5166,1.0609,0.2094,0.478,0.9473
201203,0.2082,0.5161,1.0595,0.2085,0.4782,0.9524
201204,0.2082,0.5167,1.0596,0.2078,0.4786,0.9605
201205,0.2076,0.5152,1.0589,0.2067,0.4779,0.9528
201206,0.207,0.5158,1.0564,0.2077,0.4789,0.9411
201207,0.2348,0.588,1.1932,0.2298,0.5406,1.2142
201208,0.2364,0.5851,1.1927,0.2304,0.54,1.2023
201209,0.2389,0.5841,1.1967,0.2301,0.5389,1.214
201210,0.2379,0.5846,1.2081,0.2305,0.5384,1.2216
201211,0.2405,0.5838,1.2118,0.2321,0.5384,1.2378
201212,0.2408,0.5841,1.195,0.2315,0.5368,1.233
201301,0.2406,0.5843,1.2006,0.2328,0.5381,1.2532
201302,0.2395,0.5863,1.2009,0.2343,0.5386,1.2514
201303,0.2406,0.5861,1.2018,0.2349,0.539,1.2455
201304,0.2396,0.5853,1.2046,0.2346,0.5395,1.249
201305,0.2391,0.586,1.2144,0.2344,0.5388,1.2512
201306,0.239,0.5882,1.2244,0.235,0.5391,1.262
201307,0.1921,0.4844,0.9732,0.2069,0.4598,0.9525
201308,0.1915,0.4841,0.9735,0.2073,0.4602,0.957
201309,0.1906,0.4832,0.9782,0.2077,0.4603,0.9583
201310,0.1901,0.4829,0.977,0.2067,0.4602,0.9569
201311,0.1905,0.4832,0.9781,0.2067,0.4597,0.958
201312,0.1898,0.4838,0.9722,0.2069,0.459,0.9636
201401,0.1896,0.4844,0.9714,0.2068,0.4584,0.9618
201402,0.1877,0.4839,0.9749,0.2067,0.4574,0.963
201403,0.1875,0.4831,0.9716,0.2065,0.4568,0.9615
201404,0.1898,0.4842,0.9741,0.208,0.4582,0.9588
201405,0.1921,0.4844,0.9722,0.2091,0.4595,0.9532
201406,0.1913,0.4826,0.9669,0.2089,0.4587,0.9506
201407,0.1771,0.4295,0.8746,0.1816,0.388,0.809
201408,0.1767,0.4302,0.8759,0.1819,0.3884,0.8117
201409,0.1764,0.4305,0.8722,0.1811,0.3875,0.8132
201410,0.1758,0.4298,0.8652,0.1813,0.3875,0.8171
201411,0.1763,0.4299,0.8595,0.1812,0.3874,0.8171
201412,0.1762,0.43,0.8607,0.1815,0.3874,0.8172
201501,0.1772,0.4296,0.8621,0.1816,0.3869,0.8188
201502,0.1752,0.4282,0.8587,0.1804,0.3866,0.8096
201503,0.1752,0.4289,0.864,0.1807,0.3872,0.816
201504,0.1751,0.4292,0.8602,0.1806,0.3867,0.816
201505,0.1754,0.4295,0.8604,0.1803,0.3871,0.8175
201506,0.1747,0.4262,0.8576,0.1795,0.387,0.8212
201507,0.1567,0.443,0.9712,0.1606,0.4017,0.8948
201508,0.1559,0.4411,0.9451,0.1596,0.4001,0.8931
201509,0.158,0.4411,0.9631,0.1594,0.4018,0.8913
201510,0.1592,0.4421,0.9341,0.1599,0.4026,0.8883
201511,0.16,0.4415,0.9357,0.1594,0.4019,0.8913
201512,0.1594,0.4402,0.9273,0.1594,0.4027,0.8922
201601,0.1588,0.4413,0.9165,0.1595,0.4021,0.8911
201602,0.162,0.4426,0.9108,0.1616,0.4039,0.8831
201603,0.1631,0.4439,0.9108,0.1615,0.4035,0.8772
201604,0.1636,0.4443,0.9196,0.1614,0.4042,0.8806
201605,0.163,0.4457,0.9268,0.1607,0.4047,0.8855
201606,0.162,0.4445,0.9187,0.1608,0.4046,0.8862
201607,0.2099,0.5053,1.1097,0.1659,0.425,1.0109
201608,0.2102,0.5062,1.1139,0.1665,0.4251,1.0175
201609,0.2118,0.5078,1.133,0.1675,0.427,1.0284
201610,0.2115,0.5087,1.1368,0.1676,0.4259,1.0277
201611,0.2111,0.5075,1.1215,0.1683,0.4276,1.0334
201612,0.2126,0.5095,1.1124,0.1686,0.4297,1.0497
201701,0.214,0.5095,1.1084,0.1685,0.4314,1.0513
201702,0.2142,0.5079,1.1061,0.1687,0.4322,1.0492
201703,0.2139,0.5104,1.1069,0.169,0.432,1.0541
201704,0.2148,0.5081,1.1062,0.1688,0.4311,1.0514
201705,0.2143,0.5061,1.1004,0.1686,0.43,1.0513
201706,0.2125,0.5026,1.0967,0.1685,0.4291,1.0534
201707,0.166,0.4362,0.9483,0.1435,0.3715,0.7792
201708,0.1662,0.4349,0.9448,0.143,0.3717,0.78
201709,0.1647,0.4318,0.9396,0.1424,0.3699,0.7774
201710,0.1654,0.434,0.9409,0.1423,0.3709,0.7797
201711,0.1651,0.433,0.9403,0.141,0.3684,0.7811
201712,0.1652,0.433,0.9437,0.141,0.369,0.7797
201801,0.1655,0.4327,0.9477,0.1411,0.3693,0.7805
201802,0.164,0.4319,0.9477,0.1386,0.3667,0.7798
201803,0.1632,0.4299,0.9418,0.1374,0.3661,0.7809
201804,0.1629,0.4299,0.9419,0.138,0.3682,0.7803
201805,0.1636,0.4308,0.9593,0.1379,0.3694,0.7818
201806,0.161,0.4307,0.9635,0.1376,0.3691,0.7811
201807,0.1566,0.4068,0.8835,0.1349,0.4175,0.8022
201808,0.158,0.4067,0.8841,0.1354,0.4168,0.8023
201809,0.1554,0.4041,0.8836,0.1339,0.4156,0.8022
201810,0.1556,0.404,0.8883,0.1336,0.4147,0.8029
201811,0.1563,0.4061,0.8875,0.1359,0.4164,0.8007
201812,0.1568,0.4067,0.8833,0.1358,0.4159,0.7993
201901,0.1564,0.4053,0.8843,0.1357,0.4154,0.7969
201902,0.1569,0.4059,0.8895,0.1349,0.4159,0.8009
201903,0.1573,0.4044,0.8758,0.1342,0.4148,0.8001
201904,0.157,0.4041,0.877,0.1337,0.414,0.7984
201905,0.1579,0.4056,0.8753,0.1335,0.4137,0.8002
201906,0.1564,0.4054,0.8693,0.1336,0.4139,0.8011
201907,0.1722,0.4857,1.1606,0.1339,0.4954,0.9472
201908,0.1698,0.4854,1.1462,0.1342,0.496,0.95
201909,0.1685,0.4844,1.1304,0.1333,0.4951,0.9424
201910,0.1719,0.4871,1.1335,0.1343,0.496,0.9421
201911,0.171,0.4854,1.1225,0.1345,0.4956,0.9407
201912,0.1682,0.4845,1.112,0.1346,0.4963,0.9405
202001,0.1689,0.4845,1.1413,0.1346,0.4962,0.9407
202002,0.1671,0.4828,1.1104,0.133,0.4905,0.939
202003,0.1683,0.4799,1.1129,0.1328,0.489,0.935
202004,0.1686,0.481,1.1049,0.1327,0.4857,0.9383
202005,0.1671,0.48,1.1379,0.1319,0.4856,0.9425
202006,0.1675,0.4764,1.1334,0.1314,0.4821,0.9463
202007,0.1942,0.5894,1.6587,0.1186,0.5563,1.2535
202008,0.1947,0.5842,1.628,0.1172,0.5497,1.2478
202009,0.1946,0.5872,1.6485,0.115,0.5474,1.241
202010,0.194,0.583,1.6222,0.116,0.5414,1.2356
202011,0.1959,0.5851,1.63,0.1176,0.5427,1.2428
202012,0.1975,0.5943,1.6702,0.1173,0.5494,1.2548
202101,0.1982,0.5993,1.6841,0.1159,0.5504,1.2541
202102,0.1929,0.597,1.7518,0.1158,0.5528,1.2561
202103,0.1987,0.6067,1.74,0.1176,0.5633,1.2681
202104,0.2045,0.6092,1.7649,0.1194,0.5641,1.2665
202105,0.2049,0.6086,1.7671,0.1189,0.5638,1.2682
202106,0.2059,0.6145,1.8223,0.1202,0.5663,1.2715
202107,0.1377,0.3652,0.9027,0.0876,0.3628,0.7592
202108,0.1377,0.3649,0.9024,0.0876,0.3629,0.7595
202109,0.1382,0.3653,0.9066,0.0874,0.362,0.7625
202110,0.1388,0.3665,0.9052,0.0873,0.3634,0.7606
,,,,,,
,,,,,,
  For portfolios formed in June of year t,,,,,,
  Value Weight Average of OP Calculated as: ,,,,,,
  Sum[ME(Mth) * OP(fiscal year t-1) / BE(fiscal year t-1)] / Sum[ME(Mth)] ,,,,,,
  Where Mth is a month from June of t to June of t+1,,,,,,
,SMALL LoBM,ME1 BM2,SMALL HiBM,BIG LoBM,ME2 BM2,BIG HiBM
196307,0.1516,0.3127,0.2198,0.3493,0.2238,0.1988
196308,0.0886,0.3119,0.2243,0.3498,0.2239,0.1993
196309,0.1047,0.3107,0.2279,0.3504,0.2236,0.2004
196310,0.1401,0.3096,0.2238,0.3502,0.2235,0.2006
196311,0.1508,0.3095,0.2261,0.3536,0.2236,0.2022
196312,0.194,0.3079,0.2215,0.3512,0.2238,0.2024
196401,0.2101,0.3087,0.2199,0.351,0.2228,0.2015
196402,0.1829,0.3064,0.221,0.351,0.223,0.2018
196403,0.1415,0.3047,0.2207,0.352,0.2231,0.2044
196404,0.1323,0.3035,0.2215,0.3526,0.2233,0.2051
196405,0.1633,0.3033,0.2219,0.352,0.2229,0.2039
196406,0.2032,0.3016,0.2238,0.3535,0.2247,0.2034
196407,0.3976,0.2799,0.1645,0.3576,0.2354,0.1985
196408,0.4028,0.2794,0.1653,0.3582,0.2356,0.1988
196409,0.4113,0.2803,0.1654,0.3581,0.2366,0.1985
196410,0.4092,0.2857,0.1649,0.359,0.2359,0.1995
196411,0.4024,0.2867,0.1641,0.3581,0.2355,0.1986
196412,0.4115,0.2864,0.1643,0.3568,0.2352,0.1974
196501,0.4201,0.2823,0.1645,0.357,0.2349,0.1978
196502,0.4143,0.2837,0.1658,0.3595,0.235,0.1966
196503,0.404,0.2822,0.1665,0.3598,0.2359,0.1955
196504,0.4059,0.2814,0.167,0.3603,0.2366,0.1966
196505,0.4058,0.2834,0.1679,0.3617,0.2366,0.1974
196506,0.4029,0.279,0.1682,0.3608,0.2366,0.1962
196507,0.4338,0.2633,0.1698,0.3769,0.238,0.2024
196508,0.4362,0.2631,0.1704,0.3776,0.2378,0.2017
196509,0.4339,0.2629,0.1699,0.3795,0.2386,0.2011
196510,0.4338,0.2626,0.1697,0.3795,0.2392,0.2002
196511,0.4389,0.2617,0.1699,0.3815,0.2401,0.2
196512,0.4406,0.2609,0.1694,0.3815,0.2414,0.1986
196601,0.4432,0.2602,0.1695,0.3808,0.2414,0.197
196602,0.4407,0.2595,0.1687,0.3822,0.2424,0.1949
196603,0.4466,0.2574,0.1671,0.3839,0.2429,0.1956
196604,0.4547,0.2569,0.168,0.386,0.2434,0.195
196605,0.4559,0.2562,0.1679,0.3851,0.2442,0.1935
196606,0.4535,0.2577,0.1688,0.3864,0.2436,0.1945
196607,0.52,0.2833,0.1788,0.4283,0.2461,0.209
196608,0.5196,0.2839,0.1789,0.4283,0.2464,0.2084
196609,0.5224,0.2845,0.1791,0.4268,0.2461,0.2102
196610,0.5072,0.2851,0.1799,0.4263,0.2459,0.2094
196611,0.5022,0.2856,0.1801,0.4238,0.2449,0.2091
196612,0.499,0.2871,0.179,0.4269,0.2457,0.207
196701,0.5228,0.2873,0.1797,0.4263,0.2457,0.2068
196702,0.5114,0.2872,0.1792,0.4282,0.2456,0.2082
196703,0.5007,0.287,0.1779,0.4299,0.2456,0.2077
196704,0.5076,0.2868,0.1775,0.4318,0.2459,0.208
196705,0.5046,0.2869,0.1775,0.4331,0.2461,0.208
196706,0.5113,0.287,0.1777,0.4337,0.2462,0.2072
196707,0.3806,0.303,0.2015,0.4277,0.2596,0.2159
196708,0.3805,0.3039,0.2015,0.4265,0.2596,0.2157
196709,0.3871,0.3047,0.2015,0.4262,0.2595,0.2155
196710,0.3904,0.304,0.2012,0.4267,0.259,0.2165
196711,0.3894,0.3031,0.2002,0.4295,0.2591,0.2152
196712,0.386,0.3048,0.2003,0.4295,0.2582,0.2162
196801,0.3745,0.306,0.198,0.4309,0.2583,0.2151
196802,0.3705,0.3052,0.1976,0.4281,0.2581,0.2145
196803,0.3774,0.3057,0.1982,0.4279,0.2583,0.2154
196804,0.3781,0.3069,0.198,0.4284,0.2588,0.2154
196805,0.3703,0.3079,0.1959,0.4297,0.2583,0.2161
196806,0.359,0.3082,0.1951,0.4308,0.2589,0.2158
196807,0.344,0.273,0.187,0.4435,0.2645,0.2091
196808,0.3426,0.2725,0.1865,0.4432,0.2643,0.2093
196809,0.3457,0.2727,0.186,0.4432,0.2637,0.209
196810,0.344,0.2725,0.1851,0.4409,0.2634,0.2082
196811,0.3434,0.2733,0.1859,0.4389,0.2631,0.2083
196812,0.3436,0.2727,0.1862,0.4403,0.2626,0.209
196901,0.3393,0.271,0.1864,0.4403,0.2632,0.2088
196902,0.3362,0.2712,0.1864,0.4392,0.263,0.209
196903,0.34,0.2729,0.1872,0.4404,0.2628,0.2091
196904,0.3413,0.2723,0.186,0.4398,0.2621,0.2086
196905,0.3396,0.2703,0.1852,0.44,0.2612,0.209
196906,0.3372,0.2707,0.1838,0.441,0.2611,0.2088
196907,0.353,0.2729,0.1932,0.5601,0.2886,0.2238
196908,0.3567,0.2746,0.1947,0.5553,0.2891,0.2242
196909,0.3597,0.2735,0.1943,0.5504,0.2878,0.2239
196910,0.3633,0.2737,0.194,0.5451,0.2892,0.2237
196911,0.3615,0.2728,0.1941,0.5485,0.2891,0.2225
196912,0.3634,0.2727,0.1946,0.5496,0.2887,0.2228
197001,0.3733,0.2738,0.1961,0.5457,0.288,0.2227
197002,0.3714,0.2733,0.1966,0.5401,0.2884,0.2227
197003,0.3729,0.273,0.1961,0.5386,0.2883,0.2223
197004,0.3747,0.273,0.1964,0.5405,0.2895,0.2226
197005,0.3804,0.2751,0.1982,0.5351,0.29,0.2229
197006,0.3772,0.2785,0.1995,0.5368,0.2895,0.2228
197007,0.4223,0.2726,0.1873,0.4496,0.2899,0.2009
197008,0.4201,0.2739,0.1871,0.4473,0.2896,0.2007
197009,0.4249,0.2746,0.1884,0.4477,0.2914,0.2017
197010,0.4303,0.2731,0.1871,0.4499,0.2906,0.2005
197011,0.424,0.2767,0.1862,0.4519,0.2905,0.2008
197012,0.4266,0.2776,0.1891,0.4508,0.291,0.2011
197101,0.4313,0.2784,0.1889,0.4498,0.2906,0.2005
197102,0.4369,0.2742,0.1883,0.4489,0.2908,0.2002
197103,0.4326,0.2746,0.188,0.4493,0.2911,0.2006
197104,0.4412,0.2727,0.1879,0.4494,0.2905,0.2004
197105,0.4399,0.2724,0.1866,0.4476,0.292,0.1999
197106,0.4456,0.2741,0.1865,0.4465,0.2922,0.1999
197107,0.566,0.2368,0.1491,0.3896,0.2288,0.1617
197108,0.5665,0.2384,0.1487,0.3888,0.2288,0.1628
197109,0.5649,0.2402,0.1483,0.387,0.2287,0.1616
197110,0.543,0.2393,0.1498,0.3871,0.2287,0.1621
197111,0.5303,0.2402,0.1508,0.3886,0.2285,0.1627
197112,0.5238,0.2406,0.1517,0.3889,0.229,0.1628
197201,0.5136,0.2407,0.1505,0.389,0.229,0.1621
197202,0.5214,0.236,0.1482,0.3915,0.2292,0.1617
197203,0.5146,0.2363,0.1468,0.3906,0.2295,0.1608
197204,0.5036,0.2372,0.1474,0.3891,0.2297,0.1619
197205,0.4975,0.2384,0.146,0.3887,0.2294,0.1612
197206,0.5281,0.2395,0.1447,0.3897,0.2295,0.1603
197207,0.3513,0.2328,0.1477,0.3896,0.2508,0.1901
197208,0.3489,0.2338,0.1483,0.3903,0.2522,0.1909
197209,0.3508,0.2353,0.1485,0.3908,0.2529,0.1912
197210,0.3538,0.2361,0.1486,0.3911,0.253,0.1925
197211,0.3534,0.2363,0.1499,0.3899,0.2528,0.1926
197212,0.3566,0.2371,0.1495,0.3896,0.2518,0.1931
197301,0.3543,0.2375,0.1495,0.389,0.2516,0.1948
197302,0.355,0.2379,0.1497,0.3896,0.2533,0.1957
197303,0.3561,0.2375,0.1504,0.3902,0.2532,0.1948
197304,0.3569,0.2395,0.1492,0.3899,0.2533,0.1942
197305,0.3528,0.239,0.151,0.3893,0.2543,0.195
197306,0.3577,0.2405,0.1514,0.3893,0.254,0.1953
197307,0.3374,0.3152,0.1762,0.38,0.2517,0.194
197308,0.3378,0.3103,0.1742,0.377,0.2513,0.1933
197309,0.3328,0.3097,0.1725,0.377,0.2507,0.192
197310,0.3377,0.3078,0.1725,0.3739,0.2504,0.1932
197311,0.3497,0.3099,0.1721,0.3735,0.2515,0.1897
197312,0.3481,0.3198,0.1721,0.3741,0.251,0.1872
197401,0.3503,0.3147,0.1726,0.3715,0.2516,0.1852
197402,0.3485,0.3109,0.17,0.3717,0.2506,0.1868
197403,0.3491,0.3124,0.1704,0.3709,0.2503,0.1862
197404,0.3491,0.3142,0.1708,0.3721,0.2509,0.1882
197405,0.3519,0.3182,0.1707,0.3718,0.2514,0.1897
197406,0.3535,0.3191,0.1709,0.3734,0.2521,0.1926
197407,0.3561,0.2858,0.2005,0.3689,0.2744,0.2069
197408,0.3542,0.2861,0.2001,0.3691,0.2717,0.2048
197409,0.3555,0.2859,0.2007,0.3707,0.2731,0.2048
197410,0.3493,0.2842,0.2009,0.3681,0.2709,0.2053
197411,0.3498,0.2837,0.2003,0.3652,0.2676,0.1995
197412,0.3468,0.2823,0.1991,0.3633,0.2661,0.1987
197501,0.3434,0.2813,0.2005,0.3609,0.2672,0.2007
197502,0.3443,0.2824,0.2002,0.3631,0.2687,0.2009
197503,0.3387,0.2817,0.1982,0.3652,0.2689,0.1993
197504,0.3372,0.2834,0.198,0.3642,0.2699,0.2009
197505,0.3362,0.283,0.1981,0.3647,0.2705,0.2001
197506,0.3364,0.2836,0.1976,0.3627,0.2707,0.1994
197507,0.3855,0.2875,0.185,0.3697,0.2665,0.174
197508,0.3847,0.2867,0.186,0.3704,0.2662,0.1749
197509,0.3874,0.2866,0.1875,0.3717,0.2672,0.1753
197510,0.387,0.287,0.1903,0.3728,0.2684,0.1743
197511,0.3866,0.2871,0.1901,0.3701,0.2667,0.174
197512,0.3884,0.2875,0.1918,0.3688,0.2651,0.174
197601,0.3865,0.2879,0.1916,0.3695,0.2657,0.1744
197602,0.3877,0.2877,0.1896,0.3703,0.2679,0.1762
197603,0.3877,0.2874,0.1881,0.37,0.268,0.1775
197604,0.388,0.2864,0.1859,0.37,0.2684,0.1763
197605,0.387,0.2869,0.1873,0.3704,0.2693,0.1766
197606,0.3839,0.2866,0.1885,0.3731,0.2706,0.177
197607,0.3807,0.2718,0.1687,0.3766,0.2519,0.1592
197608,0.3789,0.2719,0.1689,0.3764,0.2514,0.1587
197609,0.3788,0.2726,0.1704,0.3754,0.2503,0.1586
197610,0.3762,0.2727,0.1714,0.3778,0.2515,0.1593
197611,0.3738,0.2729,0.1712,0.3782,0.2519,0.1601
197612,0.3741,0.272,0.1719,0.379,0.2515,0.1595
197701,0.3785,0.2718,0.1703,0.3818,0.2525,0.1628
197702,0.3745,0.2727,0.171,0.3879,0.2534,0.1633
197703,0.3707,0.2727,0.1724,0.3874,0.2533,0.1629
197704,0.3716,0.2729,0.1718,0.3866,0.2532,0.1628
197705,0.3683,0.2721,0.1725,0.3892,0.2529,0.1626
197706,0.3696,0.274,0.173,0.3912,0.2524,0.1647
197707,0.4134,0.2902,0.2077,0.3842,0.2712,0.1954
197708,0.4159,0.2901,0.208,0.3838,0.271,0.1962
197709,0.4172,0.29,0.208,0.3818,0.27,0.1976
197710,0.418,0.2905,0.2089,0.3826,0.2703,0.199
197711,0.421,0.2902,0.2096,0.3828,0.2712,0.1977
197712,0.4187,0.2912,0.2091,0.3823,0.271,0.1974
197801,0.4181,0.2913,0.2096,0.3826,0.2712,0.1971
197802,0.4158,0.2915,0.2091,0.3828,0.271,0.1964
197803,0.4146,0.2932,0.2091,0.3837,0.2706,0.1978
197804,0.4154,0.2939,0.208,0.3837,0.2708,0.1977
197805,0.4152,0.2957,0.2066,0.3831,0.2712,0.1988
197806,0.4155,0.296,0.205,0.3831,0.2711,0.1982
197807,0.3731,0.2822,0.2069,0.3901,0.3014,0.2163
197808,0.3773,0.2829,0.2078,0.3899,0.3017,0.2158
197809,0.3765,0.2832,0.2068,0.3915,0.3015,0.2161
197810,0.3798,0.283,0.207,0.3905,0.3029,0.2164
197811,0.3775,0.283,0.2089,0.3903,0.3025,0.2163
197812,0.3811,0.2835,0.21,0.3907,0.3021,0.2174
197901,0.3835,0.2846,0.2102,0.3922,0.3026,0.2173
197902,0.3889,0.2843,0.208,0.3922,0.3026,0.2146
197903,0.3873,0.2831,0.2085,0.3929,0.3026,0.2154
197904,0.3874,0.2828,0.2075,0.3933,0.3043,0.2149
197905,0.3908,0.2828,0.2082,0.3941,0.3067,0.2158
197906,0.3894,0.2836,0.2084,0.3946,0.3058,0.2155
197907,0.4011,0.2918,0.2266,0.4075,0.3086,0.2203
197908,0.4051,0.2921,0.2262,0.4065,0.3086,0.22
197909,0.4042,0.2926,0.2257,0.4053,0.31,0.2212
197910,0.4023,0.2925,0.2251,0.4042,0.3132,0.2218
197911,0.3977,0.2921,0.2254,0.4041,0.3148,0.2219
197912,0.3984,0.2916,0.2243,0.4043,0.3146,0.222
198001,0.3945,0.291,0.2228,0.4032,0.3158,0.2216
198002,0.398,0.2906,0.2204,0.4032,0.32,0.2218
198003,0.3966,0.2896,0.2193,0.4031,0.3234,0.2224
198004,0.4052,0.2919,0.2215,0.4014,0.321,0.2234
198005,0.4063,0.293,0.2202,0.4006,0.3207,0.2221
198006,0.4056,0.2933,0.2217,0.4007,0.3197,0.2227
198007,0.3486,0.2983,0.2306,1.4416,0.3388,0.2164
198008,0.3505,0.2986,0.2309,1.4289,0.3388,0.2165
198009,0.3564,0.2992,0.2304,1.3884,0.3388,0.2167
198010,0.3617,0.3002,0.2302,1.3009,0.339,0.2162
198011,0.3572,0.3003,0.2308,1.3713,0.3416,0.2179
198012,0.3526,0.3005,0.2315,1.5537,0.3454,0.2201
198101,0.3525,0.3011,0.2324,1.4633,0.3425,0.2207
198102,0.3509,0.3008,0.2329,1.4574,0.3406,0.2191
198103,0.3566,0.3023,0.2329,1.3482,0.339,0.2197
198104,0.3631,0.3022,0.2333,1.2773,0.3352,0.2175
198105,0.3663,0.3033,0.234,1.2712,0.3339,0.2182
198106,0.3676,0.304,0.2329,1.2695,0.3322,0.2189
198107,0.2917,0.2707,0.2044,0.3929,0.2991,0.1863
198108,0.2899,0.2704,0.2053,0.394,0.3035,0.1867
198109,0.297,0.2711,0.2076,0.3952,0.3032,0.1879
198110,0.3133,0.273,0.2091,0.3948,0.2938,0.1895
198111,0.3105,0.2733,0.2103,0.3962,0.2949,0.1907
198112,0.3195,0.2749,0.2117,0.3974,0.2942,0.1896
198201,0.3215,0.2761,0.2125,0.3966,0.2932,0.1902
198202,0.325,0.2763,0.212,0.3962,0.2927,0.1896
198203,0.3315,0.2767,0.2129,0.3919,0.2919,0.1885
198204,0.3275,0.2773,0.2118,0.3916,0.2925,0.1886
198205,0.332,0.278,0.2118,0.3924,0.2922,0.1875
198206,0.3307,0.2788,0.2118,0.3935,0.2943,0.1868
198207,0.2989,0.2564,0.1664,0.4161,0.2745,0.1964
198208,0.303,0.257,0.167,0.4171,0.2736,0.1963
198209,0.3044,0.2571,0.1664,0.4118,0.2725,0.1953
198210,0.3067,0.2597,0.1698,0.4167,0.2729,0.1964
198211,0.3085,0.2581,0.1703,0.4223,0.2729,0.1938
198212,0.3101,0.2562,0.1677,0.4245,0.2708,0.1924
198301,0.3092,0.2539,0.1668,0.4238,0.2707,0.192
198302,0.3063,0.2532,0.1646,0.4293,0.271,0.1936
198303,0.3097,0.2525,0.1635,0.4294,0.2702,0.1922
198304,0.31,0.2517,0.1643,0.4364,0.2716,0.1918
198305,0.3097,0.2521,0.1614,0.437,0.2723,0.1909
198306,0.3093,0.2502,0.1601,0.4378,0.2728,0.1907
198307,0.1642,0.2152,0.1531,0.353,0.2266,0.2035
198308,0.1408,0.216,0.1555,0.3551,0.2262,0.2035
198309,0.1674,0.219,0.1572,0.3543,0.2267,0.2049
198310,0.179,0.2209,0.1579,0.356,0.2256,0.2035
198311,0.1852,0.2221,0.159,0.357,0.2253,0.2033
198312,0.1981,0.2218,0.1587,0.3533,0.2243,0.2034
198401,0.1994,0.2222,0.1583,0.3546,0.2253,0.205
198402,0.1922,0.2217,0.158,0.3537,0.2274,0.2033
198403,0.1925,0.2219,0.1631,0.3544,0.2293,0.2047
198404,0.1955,0.2225,0.163,0.3552,0.2282,0.2037
198405,0.2248,0.2246,0.1646,0.3564,0.2302,0.2057
198406,0.23,0.2249,0.1646,0.3574,0.2313,0.204
198407,0.237,0.2188,0.1672,0.362,0.2407,0.2292
198408,0.2442,0.2223,0.1698,0.3654,0.2425,0.2293
198409,0.2398,0.2214,0.1684,0.3643,0.2423,0.2294
198410,0.2421,0.2229,0.1708,0.3659,0.2448,0.2307
198411,0.2457,0.2241,0.1741,0.3673,0.2459,0.2309
198412,0.2535,0.2262,0.1777,0.3669,0.2452,0.2301
198501,0.2512,0.2283,0.1793,0.3678,0.2449,0.2306
198502,0.2478,0.2269,0.1796,0.3676,0.2438,0.2303
198503,0.2489,0.2261,0.1792,0.3686,0.2448,0.2306
198504,0.2514,0.2276,0.1826,0.3692,0.2447,0.2308
198505,0.2552,0.2295,0.1838,0.3702,0.2449,0.2309
198506,0.2581,0.2313,0.1837,0.3702,0.2446,0.2292
198507,0.1726,0.2398,0.1603,0.3666,0.2735,0.2207
198508,0.1892,0.2386,0.16,0.3664,0.2733,0.2197
198509,0.201,0.2391,0.1629,0.3672,0.2756,0.2199
198510,0.2114,0.2403,0.1635,0.3682,0.2763,0.221
198511,0.2217,0.2418,0.1648,0.3679,0.2769,0.2221
198512,0.2195,0.243,0.1639,0.3672,0.2758,0.2217
198601,0.2194,0.2434,0.1633,0.3683,0.2764,0.2215
198602,0.2023,0.2436,0.1628,0.3675,0.275,0.2202
198603,0.1901,0.2441,0.1646,0.3664,0.2755,0.2203
198604,0.1938,0.2435,0.165,0.3664,0.2756,0.2207
198605,0.1965,0.2444,0.1675,0.3678,0.2758,0.222
198606,0.1915,0.2451,0.169,0.3678,0.2753,0.2224
198607,0.1557,0.1955,0.1468,0.3487,0.2605,0.2395
198608,0.1431,0.2009,0.149,0.3475,0.2597,0.2384
198609,0.1449,0.2007,0.1522,0.346,0.2603,0.2403
198610,0.1638,0.2013,0.1542,0.347,0.2616,0.2403
198611,0.1574,0.202,0.1557,0.3473,0.2602,0.2399
198612,0.177,0.2024,0.1535,0.3472,0.2609,0.2399
198701,0.1843,0.2027,0.1493,0.3461,0.2614,0.2406
198702,0.1879,0.2014,0.1493,0.3462,0.2611,0.2404
198703,0.1962,0.2,0.1472,0.3459,0.2584,0.2393
198704,0.1911,0.199,0.1465,0.3466,0.2613,0.2412
198705,0.1876,0.1967,0.1457,0.3465,0.2618,0.2421
198706,0.1963,0.1946,0.1435,0.3464,0.2621,0.2404
198707,0.1903,0.2053,0.1127,0.3405,0.2559,0.2128
198708,0.2017,0.2039,0.1115,0.3425,0.255,0.2118
198709,0.2035,0.2061,0.1152,0.345,0.2549,0.2136
198710,0.2057,0.2056,0.1162,0.3447,0.2536,0.2121
198711,0.2201,0.2114,0.122,0.3456,0.2557,0.2124
198712,0.2179,0.2129,0.1235,0.3413,0.2553,0.21
198801,0.2221,0.2123,0.1264,0.3492,0.2548,0.2099
198802,0.2042,0.2108,0.1278,0.3482,0.2563,0.2125
198803,0.2106,0.2117,0.1284,0.3507,0.2554,0.2125
198804,0.2073,0.2107,0.1252,0.3514,0.2544,0.2114
198805,0.2074,0.2099,0.1288,0.3519,0.2544,0.2131
198806,0.2046,0.2096,0.1291,0.3515,0.2549,0.2144
198807,0.0433,0.2186,0.1403,0.3654,0.2712,0.1864
198808,0.0343,0.219,0.1425,0.3659,0.2708,0.1863
198809,0.0432,0.2202,0.1451,0.3666,0.2702,0.1858
198810,0.0735,0.2211,0.1437,0.3659,0.2711,0.1864
198811,0.0513,0.2247,0.1454,0.366,0.2708,0.1868
198812,0.089,0.2241,0.1451,0.3662,0.2711,0.1872
198901,0.1369,0.2223,0.1439,0.3663,0.2714,0.1872
198902,0.0988,0.2226,0.1427,0.3659,0.2716,0.1871
198903,0.1243,0.2202,0.1435,0.3667,0.2721,0.1865
198904,0.1265,0.2193,0.1444,0.3676,0.2724,0.1869
198905,0.13,0.2204,0.1447,0.3652,0.2723,0.1863
198906,0.1421,0.2129,0.1448,0.3646,0.2725,0.1858
198907,0.2276,0.2314,0.1568,0.4009,0.2822,0.2507
198908,0.2356,0.2314,0.1588,0.4016,0.2819,0.2515
198909,0.2462,0.2315,0.1602,0.4033,0.2822,0.2523
198910,0.2542,0.2312,0.1615,0.4066,0.2823,0.2526
198911,0.2558,0.2312,0.1625,0.4069,0.2816,0.2482
198912,0.2655,0.2315,0.1622,0.405,0.2803,0.2453
199001,0.2842,0.231,0.159,0.4012,0.2805,0.2443
199002,0.2778,0.2295,0.16,0.3998,0.2799,0.2438
199003,0.3086,0.2305,0.1603,0.4017,0.2795,0.2456
199004,0.3217,0.2303,0.1623,0.4014,0.2796,0.2448
199005,0.3195,0.2302,0.1625,0.3998,0.2795,0.245
199006,0.3356,0.2284,0.1631,0.3977,0.2795,0.2453
199007,0.2032,0.2408,0.1551,0.4223,0.2723,0.2146
199008,0.2115,0.2447,0.1541,0.4256,0.2709,0.2136
199009,0.2181,0.2474,0.1572,0.4276,0.2701,0.2121
199010,0.2236,0.2481,0.1597,0.4285,0.2693,0.2113
199011,0.2241,0.2494,0.1605,0.4311,0.2686,0.2105
199012,0.2342,0.2494,0.1624,0.4269,0.2689,0.21
199101,0.2459,0.2526,0.1634,0.4258,0.2693,0.2097
199102,0.251,0.2529,0.1617,0.4257,0.27,0.2108
199103,0.2444,0.2511,0.1601,0.4273,0.2705,0.2115
199104,0.2432,0.25,0.1576,0.4277,0.2707,0.2101
199105,0.2419,0.2525,0.1591,0.4281,0.2714,0.2101
199106,0.2454,0.2522,0.1595,0.4273,0.2717,0.2133
199107,0.1493,0.2338,0.1543,0.4177,0.2626,0.1988
199108,0.1514,0.2346,0.155,0.4197,0.2629,0.1994
199109,0.1445,0.2344,0.1551,0.4207,0.2631,0.202
199110,0.122,0.2328,0.1586,0.4194,0.2625,0.201
199111,0.1,0.2311,0.1591,0.4195,0.2627,0.1965
199112,0.0976,0.2325,0.1583,0.424,0.2613,0.1935
199201,0.1022,0.2335,0.1602,0.4248,0.2614,0.1914
199202,0.093,0.2349,0.156,0.4235,0.2618,0.1968
199203,0.0997,0.2364,0.1557,0.4241,0.2615,0.2004
199204,0.1108,0.2373,0.1587,0.424,0.2613,0.1965
199205,0.138,0.2382,0.1609,0.4239,0.262,0.1996
199206,0.141,0.2377,0.1601,0.4237,0.2617,0.1994
199207,0.2552,0.2132,0.145,0.4277,0.2511,0.1846
199208,0.2803,0.2132,0.1453,0.429,0.2513,0.1824
199209,0.278,0.2152,0.1468,0.43,0.2515,0.1818
199210,0.2815,0.2152,0.1462,0.4265,0.2517,0.1803
199211,0.2908,0.2142,0.1465,0.4264,0.2518,0.1808
199212,0.2808,0.2128,0.1476,0.4263,0.2518,0.1825
199301,0.2865,0.2129,0.1448,0.4256,0.2525,0.1836
199302,0.3353,0.2143,0.1438,0.4227,0.2529,0.1833
199303,0.3451,0.2152,0.145,0.4204,0.2529,0.183
199304,0.3468,0.2161,0.1447,0.4206,0.2528,0.1838
199305,0.3346,0.2149,0.1428,0.4207,0.2515,0.1799
199306,0.3259,0.2126,0.1376,0.4204,0.2508,0.1789
199307,0.3129,0.2278,0.1547,0.4645,0.2719,0.2066
199308,0.3237,0.2278,0.1542,0.4682,0.2714,0.207
199309,0.2474,0.2283,0.1554,0.464,0.2708,0.2047
199310,0.2925,0.2281,0.1559,0.4583,0.2714,0.2075
199311,0.295,0.2252,0.1565,0.464,0.2708,0.2076
199312,0.2914,0.225,0.1565,0.4711,0.2709,0.2108
199401,0.3008,0.2242,0.1582,0.4725,0.2717,0.218
199402,0.316,0.2211,0.1587,0.4764,0.2706,0.2217
199403,0.3299,0.2217,0.1575,0.4747,0.2707,0.2215
199404,0.3327,0.2215,0.1579,0.4731,0.2716,0.2202
199405,0.3357,0.2249,0.1588,0.4772,0.2722,0.2213
199406,0.3415,0.226,0.1596,0.4724,0.273,0.2246
199407,0.5207,0.2505,0.2048,0.7053,0.3263,0.3047
199408,0.4973,0.2521,0.2048,0.7054,0.3256,0.3044
199409,0.4366,0.2511,0.2048,0.6928,0.3244,0.3044
199410,0.4273,0.2508,0.2043,0.6838,0.3226,0.3028
199411,0.3747,0.2509,0.2028,0.6529,0.3221,0.3054
199412,0.3531,0.2504,0.2037,0.6537,0.3216,0.3022
199501,0.2784,0.2507,0.2003,0.6669,0.3215,0.3002
199502,0.2868,0.2506,0.2002,0.6524,0.3208,0.3006
199503,0.2996,0.2514,0.1993,0.6606,0.3206,0.3014
199504,0.2838,0.2506,0.2004,0.661,0.3202,0.2995
199505,0.3228,0.2513,0.2009,0.6637,0.3207,0.301
199506,0.2756,0.2515,0.2018,0.6696,0.3215,0.3046
199507,0.2063,0.2443,0.2007,0.5455,0.3367,0.3187
199508,0.2079,0.2445,0.2004,0.542,0.3362,0.32
199509,0.1962,0.2423,0.2004,0.5451,0.3373,0.3199
199510,0.2033,0.2413,0.201,0.5469,0.3367,0.3206
199511,0.2391,0.2442,0.2027,0.5455,0.3365,0.3188
199512,0.2417,0.2449,0.2041,0.5477,0.3356,0.3181
199601,0.2363,0.2409,0.202,0.5468,0.3359,0.3173
199602,0.1298,0.2364,0.2021,0.5461,0.3364,0.3183
199603,0.1412,0.2358,0.2022,0.5472,0.3368,0.3203
199604,0.1547,0.2378,0.2022,0.5462,0.3366,0.3193
199605,0.1543,0.2344,0.198,0.5442,0.3374,0.3206
199606,0.1587,0.2328,0.1959,0.5447,0.3381,0.3216
199607,1.9546,0.2707,0.19,0.5364,0.3553,0.3077
199608,2.1412,0.2726,0.1926,0.5413,0.3562,0.3108
199609,2.3725,0.2729,0.1928,0.5386,0.3572,0.3102
199610,2.5373,0.2733,0.193,0.5366,0.3573,0.3078
199611,2.5007,0.2749,0.1953,0.5369,0.359,0.3085
199612,2.7236,0.2772,0.1963,0.5388,0.3615,0.3098
199701,2.4981,0.2786,0.1969,0.5421,0.3598,0.3091
199702,2.5432,0.2785,0.195,0.5411,0.3608,0.3091
199703,2.6214,0.2772,0.1956,0.544,0.361,0.3099
199704,2.2693,0.28,0.1961,0.5385,0.3594,0.309
199705,1.8734,0.2814,0.1976,0.538,0.3612,0.3078
199706,1.4462,0.2802,0.1985,0.5364,0.3607,0.3077
199707,0.3894,0.2518,0.1885,0.5257,0.3512,0.2525
199708,0.3898,0.2515,0.1885,0.5241,0.3506,0.2522
199709,0.3856,0.2509,0.1892,0.5223,0.3513,0.2553
199710,0.3542,0.2501,0.1892,0.5223,0.3511,0.2559
199711,0.3656,0.2499,0.1902,0.5261,0.3515,0.256
199712,0.3612,0.2522,0.1926,0.5287,0.3516,0.2551
199801,0.3856,0.2562,0.1961,0.5304,0.3521,0.2597
199802,0.397,0.256,0.196,0.5288,0.3514,0.2582
199803,0.3993,0.2555,0.1957,0.5224,0.3523,0.2584
199804,0.4148,0.2549,0.194,0.5252,0.3516,0.2612
199805,0.4005,0.2536,0.1945,0.5194,0.3514,0.2642
199806,0.3861,0.2551,0.1959,0.5198,0.3532,0.2768
199807,0.3141,0.2511,0.1848,0.5297,0.345,0.2513
199808,0.3584,0.2525,0.186,0.5313,0.3463,0.2515
199809,0.4817,0.2573,0.1914,0.5354,0.3456,0.2493
199810,0.4894,0.2569,0.1897,0.5328,0.3352,0.2499
199811,0.5156,0.2556,0.191,0.5337,0.3354,0.2529
199812,0.4573,0.2511,0.1899,0.5314,0.3381,0.2518
199901,0.464,0.2501,0.1924,0.5249,0.3374,0.252
199902,0.2689,0.2395,0.1881,0.5189,0.34,0.2545
199903,0.3171,0.2395,0.1866,0.5158,0.3396,0.2514
199904,0.2141,0.2334,0.1869,0.506,0.3402,0.2488
199905,-0.0997,0.2294,0.1848,0.5106,0.3412,0.2516
199906,-0.0161,0.2302,0.1831,0.5176,0.3384,0.2487
199907,-0.1295,0.2455,0.1772,0.5163,0.2901,0.2042
199908,-0.0179,0.2439,0.1767,0.5183,0.2861,0.2029
199909,0.004,0.2428,0.1754,0.5158,0.2874,0.2008
199910,-0.017,0.2404,0.1747,0.5121,0.2853,0.2005
199911,-0.0641,0.24,0.173,0.5023,0.2846,0.1986
199912,-0.1742,0.2318,0.17,0.4983,0.2809,0.1987
200001,-0.2178,0.2189,0.1623,0.485,0.2794,0.2004
200002,-0.2214,0.2015,0.1538,0.476,0.2822,0.1989
200003,-0.3359,0.16,0.1298,0.4601,0.2773,0.1971
200004,-0.2923,0.187,0.1429,0.468,0.2811,0.1977
200005,-0.1531,0.2062,0.159,0.4755,0.2886,0.1975
200006,-0.1459,0.2158,0.1662,0.4826,0.2946,0.199
200007,1.3202,0.2621,0.196,0.308,0.3235,0.2151
200008,1.469,0.2683,0.199,0.2996,0.3288,0.2174
200009,1.3062,0.2677,0.2026,0.3051,0.3313,0.2166
200010,1.2905,0.2715,0.2008,0.3065,0.3309,0.2212
200011,0.0084,0.2738,0.2038,0.3113,0.3312,0.2211
200012,0.1001,0.2839,0.2079,0.3382,0.3292,0.2256
200101,0.1342,0.2889,0.2092,0.3526,0.3283,0.2266
200102,0.1048,0.2851,0.2074,0.3294,0.3328,0.2302
200103,0.155,0.2899,0.2019,0.3624,0.3324,0.226
200104,0.1782,0.2921,0.2027,0.3651,0.3341,0.228
200105,0.1705,0.2912,0.2045,0.4475,0.3322,0.2283
200106,0.1445,0.2927,0.2039,0.4501,0.3321,0.2286
200107,0.0614,0.2165,0.1475,0.4309,0.301,0.2036
200108,0.1023,0.2293,0.1585,0.4349,0.3062,0.206
200109,0.1207,0.238,0.1642,0.4427,0.3044,0.2086
200110,0.1392,0.2472,0.1662,0.4483,0.303,0.2021
200111,0.1223,0.2451,0.1638,0.4468,0.3021,0.2025
200112,0.1203,0.2409,0.1591,0.4444,0.3026,0.203
200201,0.1222,0.2405,0.1564,0.4463,0.3002,0.2027
200202,0.1433,0.2459,0.1594,0.4596,0.3018,0.2118
200203,0.1732,0.2539,0.1678,0.4677,0.2999,0.2196
200204,0.1808,0.2534,0.1691,0.4641,0.3035,0.2212
200205,0.2111,0.2625,0.1767,0.4687,0.304,0.2315
200206,0.237,0.2638,0.1787,0.4702,0.3062,0.231
200207,0.2384,0.2094,0.1399,0.509,0.2638,0.1246
200208,0.2554,0.2157,0.143,0.5133,0.263,0.1263
200209,0.2753,0.2188,0.1448,0.5159,0.2616,0.1273
200210,0.2817,0.2243,0.1479,0.5285,0.2617,0.1271
200211,0.2669,0.219,0.1449,0.5112,0.2608,0.1224
200212,0.2365,0.2069,0.1373,0.5073,0.2574,0.1221
200301,0.2728,0.2151,0.1433,0.5219,0.2616,0.1262
200302,0.2757,0.2143,0.1443,0.5209,0.2619,0.1228
200303,0.2768,0.2156,0.1443,0.5174,0.2636,0.1233
200304,0.2816,0.2151,0.1433,0.5236,0.2631,0.1234
200305,0.2782,0.2095,0.1406,0.5153,0.2619,0.1207
200306,0.2308,0.2016,0.1362,0.5143,0.2609,0.1228
200307,4.1467,0.1911,0.0896,0.4896,0.2475,0.1526
200308,4.5299,0.1889,0.0837,0.4812,0.2465,0.1536
200309,4.1702,0.1865,0.0816,0.4781,0.2463,0.1519
200310,4.7315,0.1881,0.076,0.4807,0.2461,0.1556
200311,4.7561,0.1882,0.0746,0.4758,0.2437,0.155
200312,4.7753,0.1887,0.0761,0.4777,0.245,0.1545
200401,4.5207,0.19,0.0799,0.4769,0.242,0.1534
200402,4.0553,0.1857,0.0726,0.4755,0.2425,0.1524
200403,4.0301,0.1901,0.0748,0.4775,0.2432,0.1552
200404,4.4036,0.1927,0.078,0.4799,0.2439,0.1581
200405,6.6261,0.1951,0.0831,0.4845,0.2445,0.1577
200406,6.0406,0.1949,0.0844,0.4794,0.2465,0.1561
200407,-0.0057,0.2044,0.1596,0.4195,0.2907,0.1951
200408,0.0294,0.2103,0.1625,0.421,0.2935,0.1974
200409,0.0843,0.2117,0.1623,0.4242,0.2941,0.1982
200410,0.0817,0.2126,0.163,0.42,0.2937,0.2008
200411,0.0792,0.2133,0.1619,0.4177,0.2916,0.201
200412,0.0849,0.2132,0.163,0.419,0.2915,0.2004
200501,0.068,0.2113,0.1618,0.421,0.2901,0.1992
200502,0.1019,0.2144,0.1632,0.4258,0.2905,0.1998
200503,0.1126,0.2154,0.1639,0.4242,0.2914,0.2023
200504,0.1281,0.2159,0.1659,0.4254,0.2908,0.2011
200505,0.1353,0.2189,0.1662,0.4238,0.2916,0.2008
200506,0.1304,0.2191,0.166,0.4211,0.2914,0.2007
200507,0.0802,0.2371,0.1639,0.5354,0.303,0.2202
200508,0.0568,0.2349,0.1631,0.529,0.3021,0.2217
200509,0.0835,0.2343,0.1622,0.5241,0.3018,0.223
200510,0.0882,0.2354,0.1609,0.5207,0.3007,0.2248
200511,0.1781,0.2355,0.1612,0.5171,0.2975,0.2208
200512,0.1894,0.2357,0.1568,0.5058,0.2978,0.2175
200601,0.1933,0.2359,0.1565,0.5131,0.2956,0.2172
200602,0.1772,0.2367,0.1554,0.5075,0.2973,0.2209
200603,0.1679,0.2357,0.1548,0.5094,0.2967,0.218
200604,0.186,0.2353,0.1539,0.5121,0.2959,0.2188
200605,0.2039,0.2386,0.1554,0.5204,0.2961,0.2221
200606,0.2179,0.2395,0.1566,0.5244,0.2955,0.2212
200607,0.2347,0.2325,0.1738,0.469,0.299,0.2239
200608,0.2607,0.2345,0.1757,0.4732,0.299,0.2243
200609,0.2325,0.2329,0.1733,0.4737,0.297,0.2237
200610,0.2567,0.233,0.1739,0.4715,0.2964,0.2222
200611,0.23,0.2323,0.1726,0.4716,0.2965,0.2213
200612,0.2164,0.232,0.1743,0.4664,0.2973,0.2225
200701,0.2479,0.23,0.1758,0.466,0.2962,0.2225
200702,0.2431,0.2312,0.1758,0.4653,0.2967,0.2216
200703,0.2582,0.2305,0.1757,0.471,0.2969,0.2216
200704,0.2327,0.2308,0.1753,0.471,0.2978,0.2212
200705,0.1769,0.2301,0.1748,0.4712,0.299,0.2215
200706,0.2221,0.2302,0.1746,0.4722,0.2994,0.2229
200707,0.6885,0.2198,0.1708,0.4909,0.3019,0.212
200708,0.6472,0.2177,0.1709,0.4903,0.3018,0.2122
200709,0.6418,0.2165,0.1716,0.4849,0.3019,0.2114
200710,0.6538,0.2155,0.1709,0.4781,0.303,0.212
200711,0.6882,0.2142,0.1701,0.4764,0.3043,0.2124
200712,0.773,0.2165,0.1702,0.4746,0.3051,0.2117
200801,0.8009,0.2152,0.1713,0.4742,0.307,0.2135
200802,0.9437,0.2198,0.1751,0.4771,0.3077,0.2134
200803,1.1934,0.2227,0.1761,0.481,0.3094,0.215
200804,1.3353,0.2271,0.1751,0.4788,0.3104,0.2132
200805,1.4222,0.2284,0.1757,0.4781,0.3116,0.2163
200806,1.7436,0.23,0.176,0.4777,0.3126,0.2163
200807,0.5288,0.2252,0.1383,0.5344,0.29,0.1995
200808,0.5344,0.2243,0.1363,0.5432,0.2895,0.203
200809,0.5683,0.2272,0.1205,0.5435,0.2902,0.2021
200810,0.4714,0.2294,0.1333,0.5466,0.2937,0.2063
200811,0.3882,0.228,0.134,0.526,0.2946,0.2103
200812,0.4253,0.2297,0.1413,0.52,0.2993,0.2109
200901,0.4346,0.2298,0.1471,0.5264,0.302,0.2117
200902,0.372,0.226,0.1413,0.5278,0.2996,0.2104
200903,0.3892,0.2262,0.1445,0.5278,0.3005,0.2127
200904,0.4166,0.2252,0.1397,0.5269,0.3002,0.2126
200905,0.4349,0.23,0.1378,0.5399,0.3026,0.214
200906,0.437,0.2256,0.1362,0.543,0.3011,0.2169
200907,0.3237,0.1717,0.1814,0.5556,0.2791,0.1282
200908,0.3246,0.1738,0.2052,0.5542,0.2796,0.1336
200909,0.3404,0.1649,0.2031,0.5532,0.278,0.1097
200910,0.3326,0.1643,0.2245,0.554,0.2786,0.1131
200911,0.3639,0.1764,0.2037,0.5586,0.281,0.1203
200912,0.3188,0.1797,0.2115,0.5558,0.2821,0.1254
201001,0.3206,0.1809,0.2311,0.5542,0.2816,0.128
201002,0.353,0.1782,0.2203,0.5563,0.278,0.128
201003,0.3706,0.1788,0.2127,0.5568,0.2775,0.1285
201004,0.4331,0.1797,0.2102,0.5547,0.2775,0.124
201005,0.3883,0.1729,0.2229,0.556,0.2802,0.1209
201006,0.4383,0.1779,0.217,0.5578,0.2792,0.1216
201007,0.2735,0.1753,0.0973,0.5124,0.2282,0.1274
201008,0.2281,0.1745,0.0959,0.5128,0.2288,0.1274
201009,0.2227,0.1767,0.0988,0.5154,0.229,0.1279
201010,0.2364,0.1752,0.0981,0.512,0.2285,0.1278
201011,0.2329,0.1768,0.0996,0.5124,0.2286,0.1277
201012,0.2559,0.1755,0.1028,0.5067,0.228,0.1278
201101,0.2527,0.1715,0.1,0.5045,0.2272,0.1263
201102,0.267,0.1706,0.1018,0.4997,0.2251,0.1268
201103,0.2809,0.1695,0.1015,0.5019,0.2241,0.129
201104,0.2808,0.1704,0.1021,0.511,0.2257,0.1307
201105,0.2689,0.1715,0.1039,0.5149,0.2256,0.1305
201106,0.2637,0.1723,0.1063,0.5211,0.2269,0.1317
201107,0.3629,0.2093,0.1354,0.5502,0.2849,0.196
201108,0.3582,0.2103,0.1369,0.5532,0.2852,0.1968
201109,0.3698,0.2125,0.1392,0.5558,0.2855,0.1983
201110,0.3691,0.2124,0.1426,0.5567,0.2871,0.1986
201111,0.3596,0.2135,0.1426,0.5553,0.2859,0.1975
201112,0.3576,0.2149,0.1426,0.5594,0.286,0.1977
201201,0.3581,0.2153,0.1417,0.5656,0.2857,0.1992
201202,0.3688,0.2143,0.1401,0.5628,0.2846,0.1987
201203,0.3596,0.2142,0.1389,0.5618,0.2845,0.1986
201204,0.4069,0.2133,0.1382,0.5604,0.2838,0.1997
201205,0.4169,0.2135,0.1397,0.5643,0.284,0.1991
201206,0.4444,0.2126,0.1414,0.5641,0.2842,0.199
201207,0.5228,0.2212,0.1512,0.6433,0.2836,0.1962
201208,0.5286,0.2216,0.1522,0.6475,0.2839,0.1973
201209,0.5317,0.2213,0.1512,0.6382,0.2838,0.1971
201210,0.5015,0.219,0.1511,0.6356,0.2834,0.1976
201211,0.5228,0.221,0.1512,0.6409,0.2831,0.1968
201212,0.4966,0.2207,0.1523,0.6398,0.2825,0.1973
201301,0.5224,0.2212,0.1515,0.6316,0.2825,0.1976
201302,0.5336,0.2221,0.1505,0.6309,0.2827,0.1963
201303,0.5253,0.222,0.1505,0.6372,0.2827,0.1959
201304,0.54,0.2222,0.1496,0.6379,0.2828,0.1954
201305,0.5457,0.2203,0.1504,0.6373,0.2829,0.1953
201306,0.5479,0.2202,0.1491,0.6291,0.2828,0.1956
201307,0.3959,0.2307,0.1649,1.1628,0.2816,0.1978
201308,0.4349,0.2301,0.1668,1.1847,0.2814,0.1969
201309,0.424,0.2297,0.1674,1.2063,0.2816,0.1963
201310,0.47,0.2281,0.1671,1.2058,0.2797,0.195
201311,0.4528,0.2317,0.1695,1.2144,0.2796,0.196
201312,0.4285,0.2296,0.1691,1.2386,0.2802,0.196
201401,0.4555,0.2287,0.1694,1.2555,0.2798,0.1965
201402,0.3452,0.2243,0.1668,1.2793,0.2789,0.1967
201403,0.3438,0.2239,0.1649,1.2929,0.2791,0.1968
201404,0.3743,0.226,0.1672,1.311,0.2801,0.1983
201405,0.4317,0.2289,0.1682,1.3146,0.2813,0.1978
201406,0.4669,0.229,0.1683,1.2973,0.2806,0.1985
201407,0.1153,0.2038,0.1642,0.5077,0.2814,0.2038
201408,0.1249,0.2035,0.1637,0.5064,0.2821,0.204
201409,0.1332,0.2029,0.1634,0.5057,0.2816,0.203
201410,0.1402,0.2027,0.1661,0.507,0.2812,0.203
201411,0.1345,0.2019,0.1675,0.5076,0.2809,0.2033
201412,0.1334,0.2011,0.1672,0.5123,0.2801,0.2023
201501,0.1376,0.1997,0.1706,0.5126,0.2807,0.2026
201502,0.1245,0.1984,0.1705,0.5106,0.2804,0.2028
201503,0.1338,0.198,0.1704,0.5122,0.2792,0.2026
201504,0.1282,0.1979,0.1715,0.5143,0.2786,0.2027
201505,0.1089,0.1979,0.1711,0.5144,0.279,0.2031
201506,0.107,0.1945,0.17,0.5129,0.2781,0.2024
201507,0.2744,0.212,0.1407,0.7245,0.2769,0.1858
201508,0.2912,0.2112,0.1438,0.7253,0.2753,0.1845
201509,0.3085,0.2119,0.1449,0.7334,0.2749,0.1845
201510,0.3275,0.2148,0.1464,0.7317,0.2746,0.1846
201511,0.3312,0.2148,0.1467,0.7308,0.274,0.1848
201512,0.2948,0.2118,0.1476,0.7242,0.2741,0.185
201601,0.2943,0.2108,0.1473,0.7236,0.2733,0.1851
201602,0.3519,0.2161,0.1472,0.735,0.2733,0.1854
201603,0.3798,0.2187,0.1442,0.7469,0.2741,0.1848
201604,0.3704,0.2189,0.1435,0.7483,0.2744,0.1852
201605,0.3661,0.2175,0.1421,0.7477,0.2752,0.1858
201606,0.3704,0.215,0.143,0.74,0.2745,0.1853
201607,0.1037,0.1972,0.1267,0.8627,0.2438,0.1608
201608,0.1077,0.2004,0.1317,0.866,0.2453,0.1612
201609,0.0401,0.2003,0.1303,0.8743,0.2438,0.1625
201610,0.0167,0.1986,0.1298,0.8509,0.2433,0.1619
201611,0.0667,0.204,0.1349,0.8594,0.2438,0.1626
201612,0.0862,0.2027,0.1334,0.8573,0.2442,0.1612
201701,0.1252,0.202,0.1366,0.8484,0.2447,0.1631
201702,0.1158,0.2036,0.1343,0.8135,0.2464,0.162
201703,0.1063,0.2031,0.1375,0.7862,0.2482,0.164
201704,0.0563,0.1985,0.1387,0.7599,0.2482,0.1638
201705,0.0924,0.2014,0.1426,0.7674,0.2496,0.1644
201706,0.1023,0.2007,0.1431,0.7576,0.2513,0.1669
201707,0.1779,0.1738,0.1285,0.7976,0.2571,0.1769
201708,0.1901,0.1733,0.1307,0.8085,0.2565,0.176
201709,0.1787,0.1716,0.1331,0.8089,0.2561,0.1763
201710,0.1644,0.17,0.1318,0.8258,0.2552,0.1764
201711,0.1933,0.1707,0.1325,0.8134,0.2541,0.1774
201712,0.1831,0.1739,0.1299,0.8238,0.255,0.1773
201801,0.1797,0.1717,0.1299,0.8294,0.2555,0.1774
201802,0.191,0.1733,0.1296,0.8445,0.2546,0.1779
201803,0.1911,0.1714,0.1306,0.832,0.2549,0.1785
201804,0.0655,0.172,0.1324,0.8189,0.2544,0.1775
201805,0.0767,0.1708,0.1307,0.8248,0.2538,0.177
201806,0.0105,0.1668,0.1255,0.8205,0.252,0.178
201807,-0.1983,0.1769,0.1544,0.9591,0.255,0.1666
201808,-0.198,0.1775,0.1541,0.9748,0.2551,0.1668
201809,-0.202,0.174,0.1556,0.9374,0.2556,0.1668
201810,-0.2131,0.1729,0.1569,0.9653,0.2561,0.1656
201811,-0.1736,0.1782,0.1585,0.9805,0.2568,0.1672
201812,-0.1789,0.1789,0.1588,0.9746,0.2567,0.1668
201901,-0.1589,0.181,0.1573,0.9804,0.2561,0.1656
201902,-0.1853,0.1801,0.1587,1.0123,0.2561,0.1657
201903,-0.1635,0.177,0.1612,1.0596,0.2558,0.1664
201904,-0.1898,0.1745,0.1598,0.9906,0.2553,0.1654
201905,-0.134,0.1794,0.1604,0.9676,0.2544,0.166
201906,-0.166,0.1779,0.1579,0.9564,0.2541,0.1662
201907,-13.1412,0.1912,0.1602,1.1105,0.2411,0.2053
201908,-11.49,0.1929,0.1597,1.0862,0.2404,0.2066
201909,-11.8253,0.1932,0.1565,1.1358,0.2384,0.2081
201910,-15.3369,0.199,0.16,1.1547,0.2397,0.2067
201911,-11.3886,0.2015,0.1581,1.0997,0.2409,0.2069
201912,-12.0322,0.1999,0.155,1.0943,0.2408,0.2061
202001,-14.3098,0.1968,0.1552,1.044,0.2412,0.2068
202002,-20.5507,0.194,0.1517,1.0321,0.2395,0.2065
202003,-18.6187,0.1879,0.1483,1.0094,0.2388,0.2094
202004,-24.513,0.1771,0.1417,0.8848,0.2352,0.2083
202005,-31.5399,0.1784,0.1417,0.8587,0.2361,0.2075
202006,-21.6231,0.1793,0.1349,0.8592,0.237,0.2073
202007,0.025,0.1427,0.135,0.5551,0.2397,0.1982
202008,0.0473,0.1373,0.1277,0.5552,0.2367,0.1988
202009,0.0414,0.1453,0.1325,0.5549,0.2386,0.2004
202010,0.0489,0.1439,0.1267,0.557,0.2389,0.2013
202011,0.1367,0.1523,0.1328,0.5505,0.2376,0.2002
202012,0.0957,0.1492,0.1338,0.5455,0.2385,0.2013
202101,0.0278,0.1528,0.1356,0.5463,0.2379,0.2003
202102,-0.1014,0.1453,0.1347,0.5382,0.238,0.2013
202103,0.0083,0.1522,0.1348,0.5396,0.2386,0.1995
202104,0.0554,0.1603,0.1396,0.549,0.241,0.2002
202105,0.1129,0.1619,0.1409,0.5472,0.2404,0.2002
202106,0.1528,0.1697,0.1452,0.5511,0.242,0.2005
202107,-0.1016,0.1511,0.0711,0.6786,0.225,0.1425
202108,-0.0698,0.1597,0.0827,0.6703,0.2259,0.1444
202109,-0.0661,0.1572,0.0846,0.6651,0.2265,0.1447
202110,-0.0763,0.1542,0.0735,0.6644,0.2263,0.1426
,,,,,,
,,,,,,
  For portfolios formed in June of year t,,,,,,
  Value Weight Average of investment (rate of growth of assets) Calculated as: ,,,,,,
  Sum[ME(Mth) * Log(ASSET(t-1) / ASSET(t-2) / Sum[ME(Mth)] ,,,,,,
  Where Mth is a month from June of t to June of t+1,,,,,,
,SMALL LoBM,ME1 BM2,SMALL HiBM,BIG LoBM,ME2 BM2,BIG HiBM
196307,0.1784,0.0909,0.0335,0.0774,0.0592,0.0306
196308,0.1768,0.0914,0.034,0.0777,0.0595,0.0308
196309,0.175,0.0916,0.033,0.0782,0.0591,0.0312
196310,0.1744,0.0908,0.0326,0.0785,0.0585,0.0314
196311,0.1736,0.0899,0.0321,0.0801,0.0585,0.0319
196312,0.1734,0.0886,0.0321,0.079,0.0588,0.0326
196401,0.1722,0.0893,0.0314,0.0786,0.0592,0.0326
196402,0.1689,0.089,0.0301,0.0781,0.0594,0.0316
196403,0.1685,0.0896,0.0297,0.0779,0.0592,0.0326
196404,0.1635,0.0896,0.0291,0.078,0.0588,0.0315
196405,0.161,0.0897,0.0287,0.0785,0.0596,0.0323
196406,0.1577,0.0883,0.0273,0.0789,0.06,0.0318
196407,0.1829,0.0713,0.0511,0.0708,0.0608,0.0378
196408,0.1834,0.0725,0.0511,0.0697,0.061,0.0374
196409,0.1823,0.0727,0.0519,0.0695,0.0614,0.0375
196410,0.1797,0.0726,0.0521,0.07,0.062,0.0384
196411,0.1786,0.0728,0.051,0.0696,0.0615,0.0389
196412,0.1769,0.0733,0.0517,0.0691,0.0616,0.0387
196501,0.1791,0.0735,0.0518,0.0691,0.062,0.0388
196502,0.1774,0.0729,0.0524,0.0694,0.0618,0.0385
196503,0.1762,0.073,0.0526,0.0706,0.0614,0.0384
196504,0.1723,0.0733,0.0522,0.0707,0.0612,0.0387
196505,0.174,0.0732,0.0532,0.0721,0.061,0.0394
196506,0.1733,0.0734,0.0527,0.072,0.061,0.0392
196507,0.1619,0.0958,0.0571,0.0976,0.0744,0.0491
196508,0.1642,0.0954,0.058,0.0986,0.0742,0.0494
196509,0.1644,0.0961,0.0569,0.1001,0.0743,0.0493
196510,0.1636,0.0974,0.057,0.0993,0.0742,0.0492
196511,0.168,0.0972,0.0573,0.0998,0.0742,0.0497
196512,0.1645,0.0985,0.0578,0.1016,0.074,0.0492
196601,0.1681,0.0979,0.0583,0.101,0.0745,0.0491
196602,0.1701,0.0969,0.0573,0.1016,0.0752,0.0489
196603,0.1698,0.0992,0.057,0.1044,0.0755,0.0494
196604,0.166,0.0985,0.0567,0.1057,0.0753,0.0491
196605,0.1668,0.0989,0.0553,0.1075,0.0754,0.0493
196606,0.1682,0.0985,0.056,0.1079,0.0755,0.0496
196607,0.2518,0.1283,0.0772,0.1448,0.087,0.0854
196608,0.2528,0.1286,0.0779,0.144,0.0863,0.0849
196609,0.2502,0.1281,0.0781,0.1427,0.0861,0.0859
196610,0.2461,0.1286,0.0784,0.1414,0.085,0.0861
196611,0.2471,0.126,0.0778,0.1405,0.0853,0.0849
196612,0.2516,0.1299,0.0777,0.144,0.0859,0.0854
196701,0.2585,0.1314,0.0792,0.1428,0.0858,0.0849
196702,0.2633,0.1345,0.0782,0.1436,0.0874,0.0859
196703,0.267,0.1336,0.078,0.1442,0.0883,0.0869
196704,0.2644,0.1346,0.0778,0.145,0.0884,0.0891
196705,0.2617,0.1349,0.0797,0.1461,0.0888,0.089
196706,0.2577,0.1347,0.0798,0.1455,0.0894,0.0905
196707,0.2097,0.1453,0.1113,0.1691,0.1092,0.067
196708,0.2066,0.1456,0.1118,0.1683,0.1103,0.0668
196709,0.2041,0.1436,0.1094,0.1676,0.1115,0.0669
196710,0.2006,0.1445,0.1111,0.1681,0.1114,0.0674
196711,0.1977,0.1457,0.111,0.1716,0.1111,0.069
196712,0.2004,0.1468,0.1144,0.172,0.1124,0.0693
196801,0.1962,0.1513,0.1145,0.1724,0.1125,0.0689
196802,0.1899,0.1488,0.1154,0.1687,0.1108,0.0694
196803,0.1885,0.1496,0.111,0.1681,0.11,0.0692
196804,0.1889,0.149,0.1095,0.1696,0.1104,0.0699
196805,0.1906,0.1497,0.1093,0.1718,0.1124,0.0704
196806,0.1918,0.1517,0.1096,0.1734,0.1133,0.0704
196807,0.2481,0.1148,0.0546,0.1813,0.1145,0.0767
196808,0.2453,0.1129,0.0549,0.1781,0.1137,0.0769
196809,0.2449,0.1124,0.0555,0.1781,0.1135,0.0771
196810,0.2462,0.1138,0.0558,0.1774,0.1141,0.077
196811,0.2459,0.1151,0.0563,0.1754,0.1141,0.0769
196812,0.2525,0.1141,0.0557,0.1787,0.114,0.0778
196901,0.249,0.1154,0.0552,0.1785,0.1135,0.0775
196902,0.2483,0.1135,0.0559,0.1769,0.1131,0.0772
196903,0.2437,0.1129,0.0561,0.1736,0.1132,0.077
196904,0.2423,0.1132,0.0567,0.1723,0.113,0.0779
196905,0.2408,0.1116,0.056,0.172,0.1126,0.0774
196906,0.2371,0.1098,0.0553,0.1709,0.1122,0.0775
196907,0.3339,0.1742,0.1126,0.1848,0.1107,0.0879
196908,0.3301,0.1729,0.1079,0.183,0.1097,0.0877
196909,0.3331,0.1766,0.1118,0.1846,0.1103,0.0879
196910,0.3364,0.1724,0.1077,0.183,0.1101,0.0884
196911,0.3422,0.1754,0.1081,0.1837,0.1098,0.0883
196912,0.3397,0.1723,0.1062,0.1842,0.1097,0.0883
197001,0.3406,0.1686,0.1066,0.1832,0.1095,0.0888
197002,0.3305,0.165,0.1038,0.1808,0.1085,0.0879
197003,0.3298,0.1656,0.1022,0.1802,0.1089,0.0881
197004,0.325,0.1631,0.1031,0.1788,0.1079,0.0879
197005,0.3153,0.1589,0.1012,0.1744,0.1062,0.0884
197006,0.3062,0.1552,0.0999,0.1725,0.1056,0.0878
197007,0.3385,0.1499,0.1038,0.1658,0.0987,0.0692
197008,0.3358,0.1502,0.1049,0.1658,0.0976,0.0695
197009,0.3371,0.1509,0.1051,0.1682,0.0976,0.0696
197010,0.3458,0.1539,0.1065,0.1694,0.0994,0.0698
197011,0.3433,0.1539,0.1038,0.1677,0.0987,0.0694
197012,0.3424,0.1526,0.103,0.1679,0.0981,0.0697
197101,0.3423,0.1527,0.1041,0.1668,0.0989,0.0693
197102,0.3396,0.1523,0.1046,0.169,0.0995,0.0703
197103,0.3389,0.153,0.1058,0.1685,0.0991,0.0705
197104,0.3421,0.152,0.1085,0.1696,0.0997,0.0705
197105,0.3391,0.1502,0.1071,0.1705,0.0991,0.0711
197106,0.3388,0.1491,0.1052,0.1706,0.0995,0.071
197107,0.2072,0.0863,0.0571,0.1347,0.0919,0.0667
197108,0.2062,0.0858,0.0542,0.1332,0.0922,0.0668
197109,0.2084,0.0861,0.0526,0.1326,0.0918,0.0665
197110,0.2121,0.0875,0.0524,0.133,0.0915,0.0665
197111,0.2129,0.0889,0.0516,0.1329,0.0923,0.0669
197112,0.2133,0.0888,0.0503,0.1332,0.092,0.0677
197201,0.217,0.0879,0.051,0.1349,0.0918,0.0672
197202,0.2156,0.0874,0.0493,0.1363,0.0924,0.066
197203,0.2152,0.0879,0.0488,0.1371,0.0918,0.0668
197204,0.2173,0.0879,0.0494,0.1362,0.092,0.0664
197205,0.2169,0.0874,0.0476,0.1372,0.0918,0.0669
197206,0.2203,0.087,0.0461,0.1389,0.0912,0.068
197207,0.1721,0.0905,0.0299,0.132,0.0802,0.0676
197208,0.1705,0.0907,0.0297,0.1314,0.0802,0.0677
197209,0.1695,0.0897,0.03,0.1315,0.0797,0.0667
197210,0.1711,0.0895,0.0305,0.1314,0.0804,0.0674
197211,0.1682,0.0901,0.0305,0.131,0.0806,0.0673
197212,0.1671,0.0896,0.0301,0.1314,0.0806,0.067
197301,0.1661,0.091,0.0293,0.132,0.0807,0.0673
197302,0.1607,0.0898,0.0285,0.1312,0.0798,0.0678
197303,0.1583,0.0895,0.0291,0.1304,0.0799,0.0673
197304,0.1568,0.0893,0.0278,0.1303,0.0796,0.0678
197305,0.1527,0.0887,0.0279,0.1295,0.0793,0.0684
197306,0.151,0.0878,0.0292,0.1288,0.0792,0.0675
197307,0.2488,0.1421,0.0654,0.1301,0.0891,0.0607
197308,0.2587,0.144,0.0655,0.1315,0.089,0.0601
197309,0.258,0.145,0.0651,0.1314,0.0887,0.0597
197310,0.2574,0.1453,0.0655,0.1314,0.0889,0.0585
197311,0.2527,0.1458,0.0647,0.1312,0.0879,0.0573
197312,0.2424,0.1452,0.0649,0.1305,0.0881,0.0558
197401,0.2427,0.1446,0.0638,0.1311,0.0878,0.0544
197402,0.2382,0.1407,0.0624,0.1301,0.0889,0.0553
197403,0.2392,0.1406,0.0614,0.1298,0.0889,0.0553
197404,0.2389,0.1424,0.061,0.129,0.0885,0.0558
197405,0.2384,0.1403,0.0617,0.1288,0.0879,0.0535
197406,0.2369,0.1377,0.0613,0.1283,0.0873,0.054
197407,0.244,0.1496,0.098,0.1557,0.1101,0.0721
197408,0.2386,0.1485,0.0963,0.1551,0.1101,0.0719
197409,0.2359,0.1469,0.0965,0.1549,0.1095,0.0707
197410,0.2255,0.1451,0.0954,0.1535,0.1093,0.0702
197411,0.2253,0.1442,0.096,0.1541,0.109,0.0686
197412,0.2219,0.1437,0.0945,0.1536,0.1086,0.0689
197501,0.2192,0.1423,0.0944,0.1525,0.108,0.0694
197502,0.222,0.1446,0.0966,0.1535,0.109,0.0705
197503,0.2226,0.1458,0.0959,0.1539,0.1089,0.0694
197504,0.2246,0.1483,0.097,0.1545,0.1088,0.0681
197505,0.2244,0.1487,0.0979,0.156,0.1089,0.066
197506,0.2254,0.1494,0.0994,0.1554,0.1092,0.0658
197507,0.2334,0.1273,0.0891,0.1689,0.1251,0.0908
197508,0.2327,0.1272,0.0887,0.1691,0.1242,0.0905
197509,0.2327,0.127,0.0892,0.1693,0.1246,0.0893
197510,0.2333,0.1272,0.0902,0.1687,0.1251,0.0888
197511,0.2321,0.1272,0.09,0.1669,0.1237,0.0883
197512,0.2297,0.1264,0.0901,0.166,0.1228,0.0883
197601,0.2292,0.1264,0.0899,0.1665,0.1231,0.0881
197602,0.2293,0.1273,0.089,0.1671,0.1231,0.0869
197603,0.2293,0.1276,0.0872,0.1669,0.1222,0.0865
197604,0.2286,0.1276,0.086,0.1665,0.123,0.0872
197605,0.2286,0.1282,0.0862,0.1669,0.1241,0.087
197606,0.2296,0.128,0.0864,0.1677,0.1246,0.0878
197607,0.139,0.0569,0.0079,0.1077,0.0734,0.0331
197608,0.1401,0.0561,0.0084,0.1071,0.0733,0.032
197609,0.1392,0.0556,0.0099,0.107,0.0735,0.0322
197610,0.1416,0.0563,0.01,0.1076,0.0739,0.0337
197611,0.1414,0.0559,0.0084,0.1075,0.0742,0.0337
197612,0.1415,0.0565,0.0098,0.1075,0.0745,0.0353
197701,0.1387,0.0554,0.009,0.1068,0.0743,0.036
197702,0.1406,0.0553,0.0079,0.1063,0.074,0.0359
197703,0.1402,0.0544,0.0078,0.1063,0.074,0.0353
197704,0.1392,0.0556,0.0082,0.1065,0.074,0.0367
197705,0.1365,0.0556,0.0085,0.1065,0.0743,0.0371
197706,0.1377,0.0552,0.0089,0.1066,0.0745,0.0365
197707,0.1886,0.0982,0.063,0.1379,0.0923,0.0852
197708,0.1891,0.0969,0.0637,0.1375,0.092,0.0855
197709,0.1909,0.0973,0.0637,0.1372,0.0919,0.0861
197710,0.1895,0.0978,0.0649,0.1373,0.0921,0.0862
197711,0.191,0.097,0.0652,0.1369,0.0923,0.086
197712,0.1908,0.0967,0.0645,0.1371,0.0924,0.0856
197801,0.1938,0.0964,0.0647,0.1372,0.0922,0.0851
197802,0.1918,0.0956,0.0636,0.1367,0.0917,0.0848
197803,0.1902,0.0947,0.0628,0.1366,0.0915,0.0852
197804,0.188,0.0937,0.0605,0.1365,0.0919,0.0848
197805,0.1922,0.0948,0.0615,0.1366,0.0917,0.0854
197806,0.1955,0.0955,0.0608,0.1366,0.0915,0.085
197807,0.1963,0.1069,0.0801,0.1342,0.1011,0.0856
197808,0.1963,0.1067,0.0822,0.1341,0.1015,0.0859
197809,0.1977,0.1062,0.0813,0.1355,0.1015,0.0864
197810,0.1978,0.1057,0.0811,0.1349,0.101,0.0861
197811,0.1943,0.1044,0.0815,0.1333,0.1009,0.0854
197812,0.1955,0.1055,0.0815,0.1334,0.1013,0.0853
197901,0.1969,0.1071,0.0814,0.1326,0.1013,0.0861
197902,0.1974,0.106,0.0816,0.1324,0.1014,0.0848
197903,0.1976,0.1052,0.0824,0.132,0.101,0.0845
197904,0.1983,0.1055,0.0821,0.1329,0.1012,0.0843
197905,0.1971,0.1051,0.0823,0.1333,0.1013,0.084
197906,0.1972,0.1044,0.0829,0.1336,0.1016,0.0847
197907,0.2559,0.1463,0.112,0.155,0.1132,0.1002
197908,0.2551,0.1459,0.1122,0.1558,0.1133,0.1003
197909,0.2547,0.1472,0.1137,0.1566,0.1139,0.1002
197910,0.2576,0.1468,0.1122,0.1566,0.1139,0.0989
197911,0.2572,0.1471,0.1129,0.1563,0.1133,0.0985
197912,0.2599,0.148,0.1132,0.1574,0.1134,0.0986
198001,0.2584,0.1479,0.1139,0.1578,0.1139,0.0981
198002,0.2586,0.1514,0.1139,0.1579,0.1141,0.0967
198003,0.2595,0.1526,0.1148,0.1586,0.1133,0.0944
198004,0.257,0.1499,0.1129,0.1583,0.1132,0.0961
198005,0.2573,0.1497,0.1122,0.1591,0.1131,0.0961
198006,0.2599,0.1494,0.1131,0.1593,0.1129,0.096
198007,0.2622,0.1594,0.104,0.1863,0.1588,0.1053
198008,0.2643,0.1618,0.1044,0.1884,0.1579,0.1047
198009,0.2644,0.1634,0.1044,0.1899,0.1583,0.1043
198010,0.2665,0.1622,0.1037,0.1919,0.16,0.1043
198011,0.2662,0.1618,0.105,0.1908,0.1616,0.1049
198012,0.2689,0.1614,0.1064,0.1919,0.1655,0.1056
198101,0.2686,0.1591,0.1073,0.1925,0.1642,0.1056
198102,0.2663,0.1589,0.1066,0.1903,0.1611,0.1051
198103,0.2644,0.1572,0.1051,0.1885,0.1603,0.105
198104,0.2671,0.1576,0.1069,0.1885,0.1592,0.104
198105,0.2676,0.1577,0.1065,0.1894,0.1577,0.1041
198106,0.2734,0.1586,0.1053,0.1916,0.1582,0.1047
198107,0.291,0.1085,0.0641,0.1876,0.1291,0.097
198108,0.2903,0.1095,0.0647,0.1874,0.1288,0.0968
198109,0.2876,0.1099,0.0656,0.1858,0.1289,0.0968
198110,0.2842,0.1101,0.0666,0.1844,0.1274,0.097
198111,0.2838,0.1086,0.0659,0.1873,0.1286,0.0984
198112,0.2816,0.1102,0.067,0.1844,0.1295,0.0988
198201,0.2773,0.1097,0.067,0.1828,0.1294,0.0987
198202,0.2752,0.1099,0.0674,0.1811,0.1284,0.0986
198203,0.2727,0.1082,0.0684,0.179,0.128,0.0982
198204,0.2691,0.1085,0.0676,0.1784,0.1268,0.0972
198205,0.2677,0.1092,0.0674,0.1785,0.1264,0.097
198206,0.2669,0.1083,0.0661,0.1784,0.1272,0.0969
198207,0.3428,0.1083,0.0464,0.1694,0.1278,0.1061
198208,0.3386,0.1085,0.0458,0.1668,0.1261,0.1065
198209,0.3387,0.1076,0.0469,0.1687,0.1269,0.1078
198210,0.3339,0.1091,0.0453,0.1681,0.1263,0.1077
198211,0.3366,0.1084,0.0458,0.1725,0.1257,0.1114
198212,0.3388,0.1084,0.0459,0.1749,0.1247,0.1134
198301,0.3372,0.1082,0.0518,0.1724,0.124,0.1109
198302,0.3439,0.1089,0.051,0.1751,0.1264,0.1082
198303,0.3401,0.107,0.0502,0.1759,0.1246,0.1101
198304,0.3353,0.1067,0.0496,0.1755,0.1239,0.1125
198305,0.3344,0.1068,0.0493,0.1765,0.1244,0.1153
198306,0.3386,0.1068,0.0481,0.1822,0.1263,0.1135
198307,0.2279,0.0846,0.026,0.1714,0.0758,0.0666
198308,0.225,0.0854,0.0273,0.1666,0.0753,0.0656
198309,0.2221,0.086,0.0278,0.1644,0.075,0.0662
198310,0.2212,0.0847,0.0271,0.1618,0.075,0.0669
198311,0.214,0.0846,0.0256,0.1563,0.0748,0.066
198312,0.2124,0.0835,0.0254,0.1583,0.0733,0.066
198401,0.2108,0.0829,0.0248,0.1575,0.0733,0.0651
198402,0.2039,0.0839,0.0252,0.1553,0.0739,0.065
198403,0.2021,0.082,0.0266,0.1541,0.0738,0.0635
198404,0.1992,0.0826,0.0266,0.1538,0.0727,0.0645
198405,0.1972,0.0826,0.0267,0.1534,0.0728,0.0615
198406,0.1935,0.0819,0.0274,0.1514,0.0735,0.0654
198407,0.3465,0.1088,0.0532,0.1617,0.0772,0.0598
198408,0.34,0.1093,0.0545,0.1606,0.0738,0.0609
198409,0.3446,0.1111,0.0533,0.1632,0.0751,0.0608
198410,0.3336,0.1104,0.054,0.1606,0.0767,0.0611
198411,0.3313,0.1115,0.0574,0.1572,0.0784,0.0626
198412,0.3266,0.1114,0.0587,0.1546,0.0779,0.0627
198501,0.3267,0.1135,0.0612,0.1541,0.0791,0.0634
198502,0.3375,0.1144,0.0573,0.1581,0.0803,0.0639
198503,0.339,0.1165,0.0574,0.1578,0.0797,0.0634
198504,0.3348,0.1156,0.0584,0.155,0.0788,0.0629
198505,0.3282,0.1167,0.0594,0.1545,0.0802,0.0627
198506,0.3256,0.1178,0.06,0.1543,0.0814,0.065
198507,0.2979,0.1396,0.073,0.1328,0.0143,0.0921
198508,0.299,0.1374,0.073,0.1329,0.0198,0.0908
198509,0.2951,0.1364,0.0716,0.1325,0.023,0.091
198510,0.2924,0.1346,0.0721,0.1306,0.0212,0.0907
198511,0.2902,0.1361,0.0735,0.1306,0.024,0.0923
198512,0.2957,0.1374,0.0741,0.1312,0.0206,0.0911
198601,0.2955,0.1388,0.0744,0.131,0.0186,0.0905
198602,0.2987,0.1422,0.0755,0.131,0.029,0.0914
198603,0.298,0.1442,0.0782,0.1315,0.0309,0.0913
198604,0.294,0.1444,0.0791,0.1307,0.0354,0.0903
198605,0.2966,0.144,0.0794,0.13,0.027,0.091
198606,0.2999,0.1439,0.0787,0.1294,0.0283,0.0911
198607,0.2598,0.1157,0.0715,0.1759,0.1315,0.0673
198608,0.2589,0.117,0.0711,0.1741,0.1312,0.0674
198609,0.2585,0.116,0.0702,0.1738,0.1282,0.0662
198610,0.2557,0.117,0.0696,0.1735,0.1284,0.0648
198611,0.2551,0.1168,0.0677,0.1737,0.1297,0.064
198612,0.2531,0.1165,0.067,0.1734,0.1271,0.0646
198701,0.2518,0.1156,0.0733,0.1726,0.1275,0.0637
198702,0.2502,0.1151,0.0738,0.1709,0.1302,0.0632
198703,0.2518,0.1135,0.0738,0.1716,0.1318,0.0643
198704,0.2508,0.1131,0.0744,0.1719,0.1287,0.0627
198705,0.2488,0.1129,0.0725,0.1718,0.1267,0.0644
198706,0.2494,0.1111,0.0716,0.171,0.1228,0.0642
198707,0.365,0.1571,0.0537,0.1868,0.0861,0.0509
198708,0.3613,0.1562,0.0483,0.1863,0.0832,0.0502
198709,0.366,0.1559,0.0509,0.1867,0.0833,0.0523
198710,0.3662,0.1553,0.0493,0.1834,0.0824,0.0512
198711,0.3532,0.1483,0.0505,0.1807,0.0806,0.0506
198712,0.3426,0.1479,0.0489,0.1795,0.082,0.0531
198801,0.3502,0.1497,0.0512,0.1815,0.0829,0.0516
198802,0.348,0.1505,0.0521,0.1826,0.0822,0.052
198803,0.3456,0.15,0.0484,0.1841,0.0823,0.052
198804,0.344,0.1522,0.0476,0.1836,0.0822,0.049
198805,0.3448,0.1515,0.0523,0.1831,0.0812,0.0492
198806,0.3482,0.1512,0.054,0.1832,0.0815,0.0502
198807,0.326,0.1432,0.0975,0.1562,0.0815,0.0845
198808,0.3197,0.1409,0.0988,0.155,0.0817,0.0837
198809,0.3155,0.1411,0.1003,0.1538,0.0814,0.0839
198810,0.3133,0.1393,0.0983,0.1529,0.0826,0.0857
198811,0.3169,0.1395,0.0994,0.1504,0.0826,0.0851
198812,0.3172,0.1392,0.1019,0.1506,0.0823,0.083
198901,0.3186,0.138,0.0989,0.1525,0.083,0.0824
198902,0.3215,0.1412,0.1001,0.1538,0.0826,0.0843
198903,0.3181,0.139,0.0999,0.1539,0.0832,0.0849
198904,0.3178,0.1422,0.1017,0.1525,0.0829,0.0838
198905,0.3196,0.1442,0.1004,0.1566,0.0824,0.0839
198906,0.3204,0.1423,0.1024,0.1556,0.0822,0.084
198907,0.2369,0.1223,0.1064,0.1988,0.1078,0.181
198908,0.2404,0.1245,0.1024,0.198,0.1083,0.18
198909,0.2427,0.1242,0.1041,0.1985,0.1082,0.1859
198910,0.2458,0.124,0.1012,0.1981,0.1078,0.1796
198911,0.2486,0.1235,0.1008,0.1996,0.1067,0.1717
198912,0.2482,0.1238,0.0994,0.2029,0.1054,0.1666
199001,0.2483,0.1244,0.0988,0.2027,0.1027,0.1623
199002,0.2458,0.1257,0.0949,0.207,0.101,0.1656
199003,0.2488,0.1253,0.0962,0.2066,0.1012,0.1698
199004,0.2503,0.1271,0.0972,0.2068,0.1018,0.1719
199005,0.2488,0.1268,0.0976,0.2089,0.102,0.1709
199006,0.2508,0.1277,0.0986,0.2064,0.1032,0.1721
199007,0.2601,0.1258,0.0669,0.1566,0.0846,0.0666
199008,0.2567,0.1237,0.0651,0.1539,0.083,0.0659
199009,0.2534,0.1198,0.0655,0.1535,0.0807,0.0655
199010,0.2497,0.118,0.0635,0.1511,0.0775,0.0655
199011,0.2518,0.1191,0.0636,0.1509,0.0758,0.0638
199012,0.2572,0.1222,0.0668,0.1539,0.0778,0.0647
199101,0.2574,0.1258,0.0662,0.1553,0.0789,0.0653
199102,0.2607,0.13,0.066,0.1578,0.0817,0.0663
199103,0.2603,0.131,0.0663,0.159,0.0823,0.0672
199104,0.2622,0.1326,0.0665,0.1584,0.084,0.0676
199105,0.2609,0.1329,0.0654,0.1577,0.0845,0.0689
199106,0.2593,0.132,0.066,0.1586,0.0866,0.0707
199107,0.2469,0.1219,0.0535,0.1551,0.0722,0.0452
199108,0.2495,0.125,0.0554,0.1568,0.0727,0.0456
199109,0.2507,0.1266,0.0551,0.1583,0.0732,0.046
199110,0.2504,0.1272,0.0593,0.1579,0.0729,0.0462
199111,0.2526,0.1296,0.0612,0.159,0.073,0.0462
199112,0.2514,0.126,0.0578,0.1618,0.0718,0.0463
199201,0.2591,0.1256,0.0566,0.1636,0.0725,0.0366
199202,0.2568,0.1265,0.0554,0.1648,0.0734,0.0354
199203,0.2539,0.1243,0.0556,0.1636,0.074,0.0353
199204,0.2459,0.1211,0.0562,0.1619,0.0736,0.0356
199205,0.241,0.1202,0.0534,0.1605,0.0735,0.0345
199206,0.2419,0.1212,0.0551,0.1611,0.0732,0.034
199207,0.3273,0.0865,0.0152,0.1362,0.0379,0.045
199208,0.3257,0.0874,0.0161,0.137,0.0382,0.0432
199209,0.3216,0.0877,0.0175,0.1357,0.038,0.0438
199210,0.3186,0.088,0.0177,0.1361,0.0389,0.0441
199211,0.3235,0.0875,0.0165,0.1383,0.0396,0.0447
199212,0.3315,0.0879,0.0167,0.1409,0.0405,0.0457
199301,0.3269,0.0858,0.0152,0.1413,0.0407,0.0451
199302,0.3241,0.0853,0.0145,0.1418,0.0405,0.0441
199303,0.3089,0.0857,0.0139,0.1369,0.0399,0.0437
199304,0.3059,0.0849,0.0139,0.1367,0.0402,0.0439
199305,0.3067,0.0841,0.0133,0.1353,0.0397,0.0422
199306,0.313,0.0874,0.01,0.137,0.0403,0.0412
199307,0.3298,0.1259,0.0464,0.1426,0.0415,0.0413
199308,0.3269,0.1223,0.0442,0.1417,0.0402,0.0424
199309,0.3233,0.1225,0.0437,0.1422,0.0404,0.0436
199310,0.3298,0.1221,0.0434,0.1436,0.0397,0.0429
199311,0.3347,0.1227,0.042,0.1418,0.0377,0.0422
199312,0.3378,0.1201,0.043,0.1431,0.0377,0.0412
199401,0.3355,0.1191,0.0431,0.1437,0.0386,0.0414
199402,0.3355,0.1199,0.0427,0.1446,0.0389,0.0407
199403,0.3291,0.1192,0.0408,0.1464,0.0399,0.0409
199404,0.319,0.1174,0.0398,0.1452,0.0394,0.0414
199405,0.3105,0.1179,0.0396,0.1441,0.0393,0.0412
199406,0.3035,0.1179,0.0406,0.1437,0.0399,0.04
199407,0.3549,0.1703,0.1051,0.1271,0.0757,0.2005
199408,0.3569,0.1704,0.1056,0.1269,0.0751,0.2023
199409,0.3631,0.1709,0.1078,0.1275,0.0757,0.2047
199410,0.3641,0.1694,0.1089,0.1285,0.0727,0.2063
199411,0.3662,0.1714,0.1082,0.1304,0.0732,0.203
199412,0.3612,0.1688,0.1081,0.132,0.0721,0.2004
199501,0.359,0.1675,0.1077,0.1314,0.0719,0.1982
199502,0.3469,0.1678,0.1086,0.1308,0.0728,0.2048
199503,0.343,0.1686,0.1099,0.1317,0.0701,0.2021
199504,0.3481,0.1717,0.1121,0.1322,0.0697,0.2029
199505,0.3431,0.1743,0.1126,0.1322,0.07,0.2003
199506,0.3381,0.1744,0.1125,0.1335,0.0704,0.1944
199507,0.354,0.1733,0.106,0.1385,0.0711,0.0983
199508,0.3603,0.1728,0.1082,0.1414,0.0728,0.1014
199509,0.3506,0.1709,0.1081,0.1416,0.0732,0.1
199510,0.3466,0.1703,0.1032,0.1411,0.0731,0.1
199511,0.348,0.166,0.1013,0.1443,0.0721,0.1001
199512,0.3522,0.1659,0.1015,0.1428,0.0717,0.1002
199601,0.345,0.1643,0.0954,0.1381,0.0697,0.1003
199602,0.3248,0.1646,0.096,0.1358,0.0666,0.1005
199603,0.3287,0.1659,0.0986,0.139,0.0656,0.1021
199604,0.332,0.1672,0.0981,0.1396,0.0654,0.1039
199605,0.3389,0.1683,0.0974,0.1431,0.0637,0.1052
199606,0.3403,0.1685,0.0952,0.1429,0.0645,0.1058
199607,0.4559,0.2263,0.1173,0.174,0.1049,0.1625
199608,0.4326,0.2227,0.1146,0.1668,0.1036,0.1652
199609,0.4345,0.2238,0.1158,0.1703,0.1045,0.167
199610,0.44,0.226,0.1151,0.1763,0.1045,0.1689
199611,0.433,0.222,0.114,0.1719,0.104,0.1699
199612,0.428,0.2209,0.1126,0.1737,0.105,0.1707
199701,0.4204,0.2198,0.1115,0.1717,0.1036,0.1696
199702,0.414,0.2193,0.112,0.1693,0.1049,0.1713
199703,0.4059,0.2135,0.111,0.1611,0.1058,0.1738
199704,0.3961,0.2083,0.1102,0.1619,0.1041,0.1733
199705,0.379,0.204,0.1091,0.1598,0.1043,0.1729
199706,0.3887,0.2085,0.1084,0.1636,0.1055,0.1724
199707,0.5198,0.2851,0.1501,0.156,0.1336,0.1505
199708,0.5161,0.2793,0.1511,0.1609,0.133,0.1533
199709,0.5165,0.2763,0.1515,0.1633,0.1322,0.1473
199710,0.5232,0.279,0.152,0.1637,0.1331,0.1539
199711,0.5103,0.2814,0.1506,0.162,0.1341,0.1573
199712,0.5054,0.278,0.1481,0.154,0.1376,0.1478
199801,0.5053,0.275,0.1477,0.1503,0.1386,0.1443
199802,0.5078,0.2718,0.1506,0.1503,0.1407,0.1511
199803,0.5182,0.2731,0.1512,0.1547,0.1407,0.152
199804,0.5214,0.2677,0.1518,0.1543,0.1403,0.1549
199805,0.523,0.2652,0.149,0.1586,0.1431,0.1557
199806,0.515,0.2599,0.1396,0.1547,0.1415,0.1324
199807,0.3894,0.2644,0.1986,0.1579,0.1678,0.1442
199808,0.3881,0.2637,0.1872,0.1575,0.1696,0.1417
199809,0.373,0.2479,0.1764,0.1506,0.1614,0.1413
199810,0.3804,0.2586,0.1803,0.1564,0.1575,0.1407
199811,0.3838,0.2574,0.1836,0.1528,0.1669,0.1405
199812,0.3948,0.2635,0.1805,0.157,0.1661,0.14
199901,0.3953,0.2727,0.1834,0.1615,0.1683,0.1394
199902,0.3927,0.2993,0.189,0.1704,0.1748,0.1386
199903,0.3863,0.2915,0.1866,0.1655,0.1728,0.1374
199904,0.3854,0.3069,0.1867,0.1685,0.171,0.1372
199905,0.3791,0.3445,0.1893,0.1695,0.1708,0.139
199906,0.3735,0.3313,0.1864,0.1659,0.1683,0.1392
199907,0.3681,0.2096,0.2096,0.2234,0.2816,0.1752
199908,0.3541,0.2062,0.2049,0.2141,0.2796,0.1789
199909,0.3511,0.2001,0.2016,0.2186,0.268,0.1748
199910,0.3482,0.2011,0.1982,0.2241,0.2656,0.1748
199911,0.3479,0.1961,0.1879,0.2273,0.2838,0.1755
199912,0.3614,0.2022,0.1908,0.2373,0.279,0.1735
200001,0.3583,0.2009,0.1968,0.2545,0.2707,0.1785
200002,0.348,0.2035,0.1897,0.2509,0.2656,0.1755
200003,0.3123,0.1978,0.1836,0.2667,0.2667,0.1654
200004,0.3298,0.1972,0.1809,0.2604,0.2738,0.1697
200005,0.3048,0.1885,0.1655,0.2447,0.2727,0.17
200006,0.3093,0.182,0.1661,0.2354,0.2693,0.1705
200007,0.5635,0.1973,0.1301,0.367,0.2181,0.1469
200008,0.5352,0.1904,0.1275,0.3593,0.2036,0.1287
200009,0.5157,0.1861,0.1245,0.3734,0.2024,0.1347
200010,0.4604,0.1793,0.1204,0.3628,0.1957,0.1212
200011,0.4172,0.1784,0.118,0.3413,0.1834,0.11
200012,0.3653,0.171,0.1192,0.2985,0.1756,0.1226
200101,0.338,0.1718,0.12,0.2828,0.1705,0.1335
200102,0.3725,0.1789,0.1199,0.2904,0.1835,0.1231
200103,0.3346,0.1749,0.1129,0.2571,0.1801,0.116
200104,0.314,0.173,0.1109,0.2409,0.1742,0.1133
200105,0.3172,0.1744,0.1108,0.2525,0.176,0.117
200106,0.3109,0.1766,0.1098,0.2496,0.174,0.0965
200107,0.5677,0.3211,0.2171,0.2526,0.2863,0.3814
200108,0.5218,0.3075,0.205,0.2457,0.2711,0.355
200109,0.5002,0.2912,0.1843,0.2339,0.2523,0.3272
200110,0.4765,0.2723,0.173,0.224,0.2355,0.3209
200111,0.505,0.2859,0.1833,0.2327,0.2388,0.3304
200112,0.5264,0.2935,0.1984,0.238,0.2458,0.3296
200201,0.5369,0.2972,0.2015,0.233,0.2467,0.328
200202,0.51,0.2814,0.1941,0.2311,0.2287,0.2932
200203,0.4712,0.2616,0.1826,0.2207,0.2244,0.2716
200204,0.4705,0.2605,0.1745,0.222,0.2244,0.282
200205,0.4264,0.2399,0.1608,0.2151,0.2131,0.2443
200206,0.4057,0.2335,0.1547,0.2112,0.2113,0.2508
200207,0.1676,0.0924,0.0409,0.122,0.0909,0.355
200208,0.1721,0.0904,0.041,0.1204,0.0906,0.3253
200209,0.1668,0.092,0.0434,0.1211,0.0901,0.3264
200210,0.1721,0.0916,0.0444,0.1227,0.0921,0.3314
200211,0.1679,0.0889,0.0445,0.1206,0.0922,0.3825
200212,0.1623,0.0868,0.0395,0.1188,0.0872,0.3852
200301,0.1595,0.0894,0.0434,0.1186,0.09,0.3392
200302,0.1569,0.0912,0.0476,0.1181,0.0901,0.3292
200303,0.1572,0.093,0.049,0.1176,0.09,0.337
200304,0.1555,0.0908,0.0491,0.1211,0.089,0.334
200305,0.1536,0.0887,0.0488,0.1217,0.0886,0.3728
200306,0.1489,0.0882,0.045,0.1215,0.088,0.3795
200307,0.1471,0.078,-0.0117,0.115,0.0994,0.0291
200308,0.1464,0.0737,-0.0168,0.1149,0.0997,0.0287
200309,0.1483,0.0731,-0.017,0.1131,0.0967,0.0247
200310,0.1414,0.0683,-0.0225,0.1136,0.0977,0.0296
200311,0.1461,0.0681,-0.0207,0.1113,0.1023,0.0304
200312,0.1404,0.0698,-0.0206,0.1101,0.0993,0.0253
200401,0.1406,0.0715,-0.0183,0.1102,0.0981,0.0264
200402,0.1335,0.0677,-0.0261,0.1115,0.0976,0.0256
200403,0.1314,0.071,-0.021,0.1123,0.0942,0.0305
200404,0.1334,0.074,-0.019,0.1119,0.0976,0.0312
200405,0.1328,0.0771,-0.0121,0.1127,0.0972,0.0321
200406,0.1319,0.0771,-0.011,0.1127,0.0976,0.0298
200407,0.1923,0.1009,0.0513,0.1508,0.0994,0.076
200408,0.1872,0.1046,0.0545,0.1498,0.0997,0.0755
200409,0.1896,0.1073,0.0544,0.1507,0.1003,0.0751
200410,0.1967,0.1092,0.0553,0.1518,0.1003,0.0766
200411,0.1962,0.1085,0.0556,0.1498,0.099,0.0752
200412,0.1981,0.1079,0.0564,0.1489,0.0979,0.0755
200501,0.1984,0.1076,0.0554,0.1468,0.0991,0.0762
200502,0.1953,0.11,0.0582,0.145,0.1003,0.0751
200503,0.1938,0.1098,0.0595,0.1459,0.0986,0.0757
200504,0.1939,0.1099,0.0595,0.1457,0.0977,0.0744
200505,0.1949,0.1127,0.0596,0.1472,0.0983,0.074
200506,0.191,0.1128,0.0587,0.1474,0.0984,0.0759
200507,0.2805,0.1598,0.1074,0.1305,0.1473,0.1087
200508,0.2815,0.1614,0.1081,0.1306,0.1469,0.1092
200509,0.2814,0.1622,0.1067,0.1304,0.1479,0.1085
200510,0.281,0.163,0.1065,0.1323,0.1491,0.1094
200511,0.2784,0.1602,0.1058,0.135,0.1528,0.1131
200512,0.2759,0.163,0.1077,0.1363,0.1535,0.1143
200601,0.2761,0.1632,0.1069,0.1372,0.1536,0.1175
200602,0.2767,0.1658,0.1082,0.1381,0.1506,0.1168
200603,0.2737,0.1647,0.1004,0.1353,0.1501,0.1168
200604,0.2761,0.165,0.0995,0.1352,0.1514,0.1176
200605,0.2761,0.1665,0.0947,0.1347,0.1507,0.1236
200606,0.2716,0.1647,0.0939,0.132,0.1505,0.1205
200607,0.2003,0.1512,0.0963,0.0855,0.1042,0.0828
200608,0.1972,0.1506,0.0965,0.0833,0.1057,0.0825
200609,0.1968,0.1495,0.0962,0.0819,0.1028,0.0763
200610,0.1985,0.1484,0.0955,0.0824,0.1018,0.0752
200611,0.1998,0.1491,0.0939,0.0839,0.103,0.0757
200612,0.1981,0.1484,0.0934,0.0851,0.1047,0.078
200701,0.1939,0.1475,0.0958,0.0819,0.1062,0.076
200702,0.1936,0.1473,0.0953,0.0841,0.1069,0.0742
200703,0.1955,0.146,0.0945,0.0844,0.1087,0.0762
200704,0.1936,0.147,0.0949,0.0859,0.1098,0.0761
200705,0.1926,0.1472,0.0972,0.0839,0.1085,0.0761
200706,0.1931,0.1489,0.0984,0.0851,0.1098,0.0793
200707,0.2446,0.1618,0.1206,0.124,0.0964,0.2566
200708,0.2475,0.1635,0.1221,0.1262,0.0946,0.2606
200709,0.2467,0.1642,0.123,0.1284,0.0942,0.2624
200710,0.2529,0.1661,0.1259,0.1302,0.0948,0.2689
200711,0.2552,0.1666,0.127,0.1324,0.0961,0.2725
200712,0.2535,0.1659,0.1266,0.1341,0.0926,0.2707
200801,0.2552,0.1676,0.1299,0.1349,0.0922,0.2802
200802,0.2496,0.1631,0.1243,0.1293,0.0925,0.2811
200803,0.2469,0.1687,0.1274,0.1283,0.0917,0.2826
200804,0.2411,0.1659,0.1283,0.1297,0.0912,0.2896
200805,0.2408,0.1674,0.1307,0.133,0.0921,0.288
200806,0.2404,0.1709,0.1349,0.1336,0.0907,0.293
200807,0.2833,0.1618,0.0829,0.1322,0.1422,0.0837
200808,0.2766,0.1509,0.0831,0.1322,0.1372,0.0846
200809,0.2776,0.1488,0.0818,0.1316,0.1328,0.0827
200810,0.2698,0.1422,0.0777,0.1268,0.1308,0.0844
200811,0.2691,0.1359,0.0807,0.1251,0.1253,0.0824
200812,0.2683,0.132,0.0823,0.1248,0.1197,0.0752
200901,0.2745,0.1355,0.0841,0.1263,0.1199,0.0721
200902,0.2732,0.1387,0.0843,0.1288,0.1191,0.0668
200903,0.2707,0.1392,0.0849,0.1282,0.122,0.0615
200904,0.2703,0.1415,0.0832,0.131,0.1263,0.0661
200905,0.2704,0.1399,0.0793,0.1325,0.1277,0.0696
200906,0.2756,0.1466,0.0808,0.133,0.1335,0.0749
200907,0.1087,0.0488,0.0161,0.0589,0.1149,0.0526
200908,0.1078,0.0444,0.0156,0.0589,0.1087,0.0512
200909,0.1085,0.039,0.0061,0.0582,0.1105,0.0515
200910,0.1062,0.0337,0.0072,0.0602,0.1092,0.0497
200911,0.1096,0.0381,0.0079,0.0606,0.1111,0.0489
200912,0.1109,0.0368,0.0079,0.0608,0.1112,0.0514
201001,0.1134,0.0187,0.0069,0.0632,0.1106,0.0519
201002,0.1107,0.0177,0.0038,0.0614,0.1111,0.0523
201003,0.11,0.0184,-0.0015,0.0619,0.1097,0.0547
201004,0.1056,0.0158,-0.0029,0.0634,0.1119,0.0517
201005,0.1027,0.0147,-0.0089,0.0636,0.1121,0.0512
201006,0.104,0.0163,-0.0084,0.0622,0.104,0.0501
201007,0.1225,0.0125,-0.0036,0.0771,0.0764,0.0399
201008,0.1208,0.0091,-0.0039,0.0769,0.0732,0.0388
201009,0.1198,0.011,-0.0034,0.078,0.0787,0.0386
201010,0.1188,0.0091,-0.0054,0.0798,0.0778,0.0409
201011,0.121,0.0101,-0.0058,0.0796,0.0765,0.0382
201012,0.1169,0.0101,-0.0068,0.079,0.0735,0.0389
201101,0.1145,0.0081,-0.0084,0.078,0.0724,0.0389
201102,0.1156,0.0078,-0.009,0.0772,0.0693,0.0404
201103,0.1122,0.0067,-0.0097,0.0778,0.0685,0.0388
201104,0.1089,0.0059,-0.0109,0.0784,0.0696,0.0386
201105,0.1093,0.0066,-0.0097,0.0778,0.072,0.0361
201106,0.1109,0.0053,-0.0079,0.0785,0.0733,0.0379
201107,0.2074,0.1189,0.0532,0.1437,0.0993,0.0535
201108,0.2086,0.117,0.0531,0.1474,0.1012,0.0537
201109,0.2047,0.1173,0.0529,0.1477,0.1003,0.0544
201110,0.204,0.1168,0.0511,0.1482,0.0973,0.0552
201111,0.206,0.1152,0.0508,0.1468,0.1001,0.0558
201112,0.1969,0.1144,0.0496,0.1442,0.1002,0.0558
201201,0.196,0.1131,0.049,0.1434,0.0979,0.0538
201202,0.1979,0.1136,0.0495,0.1454,0.0988,0.0536
201203,0.1922,0.1132,0.0486,0.1479,0.0995,0.053
201204,0.1876,0.1134,0.048,0.1512,0.0976,0.0515
201205,0.1861,0.1125,0.0471,0.1509,0.0971,0.0504
201206,0.1892,0.1119,0.0454,0.1509,0.0941,0.0503
201207,0.211,0.1243,0.0471,0.135,0.0724,0.0602
201208,0.2037,0.1233,0.0467,0.1347,0.0722,0.061
201209,0.2066,0.1229,0.0498,0.1374,0.073,0.0594
201210,0.2071,0.1218,0.05,0.1369,0.0729,0.058
201211,0.2024,0.1201,0.0507,0.1339,0.0735,0.0559
201212,0.1966,0.1193,0.0522,0.134,0.0733,0.0562
201301,0.1977,0.1207,0.0515,0.1328,0.0743,0.0549
201302,0.1998,0.1175,0.0513,0.129,0.0746,0.0554
201303,0.2039,0.1183,0.05,0.1283,0.0744,0.0553
201304,0.2029,0.1185,0.0507,0.1273,0.0731,0.0545
201305,0.2051,0.1173,0.0528,0.1278,0.0729,0.0541
201306,0.2061,0.1191,0.0519,0.1297,0.0729,0.0519
201307,0.1788,0.1156,0.0729,0.1188,0.0772,0.0687
201308,0.1769,0.118,0.0698,0.1233,0.0767,0.0686
201309,0.1831,0.1217,0.0685,0.1269,0.0767,0.069
201310,0.1937,0.1222,0.0694,0.1294,0.0755,0.0693
201311,0.1851,0.1224,0.0682,0.1292,0.0756,0.0692
201312,0.1792,0.1216,0.0668,0.1289,0.0763,0.0672
201401,0.1822,0.124,0.0653,0.1301,0.0771,0.0674
201402,0.2036,0.1263,0.0647,0.1322,0.0802,0.0678
201403,0.2125,0.1285,0.0647,0.1338,0.0797,0.0679
201404,0.1975,0.1275,0.0658,0.1301,0.0789,0.0683
201405,0.1894,0.1287,0.071,0.1302,0.0762,0.0688
201406,0.1849,0.1278,0.0718,0.1323,0.0771,0.0691
201407,0.2781,0.1104,0.0452,0.1142,0.0521,0.0492
201408,0.2654,0.109,0.0447,0.115,0.0518,0.0488
201409,0.2671,0.1092,0.0448,0.1163,0.0507,0.0487
201410,0.2698,0.1113,0.0452,0.1151,0.0504,0.0482
201411,0.2779,0.1098,0.0409,0.1141,0.0488,0.0482
201412,0.283,0.1085,0.0379,0.1122,0.0481,0.0486
201501,0.2823,0.1126,0.0401,0.1104,0.0474,0.0481
201502,0.2788,0.1139,0.0404,0.1116,0.0471,0.0488
201503,0.2821,0.1174,0.0412,0.1141,0.0478,0.0494
201504,0.2842,0.119,0.0425,0.1141,0.0477,0.0495
201505,0.2815,0.1204,0.0422,0.1128,0.0483,0.0488
201506,0.2925,0.1246,0.0409,0.1125,0.0484,0.0488
201507,0.2839,0.1441,0.1307,0.1061,0.0541,0.0574
201508,0.2933,0.1478,0.134,0.1063,0.055,0.0561
201509,0.2788,0.1474,0.1323,0.1047,0.0552,0.0561
201510,0.2843,0.1444,0.1326,0.1034,0.0536,0.0558
201511,0.2781,0.1443,0.1327,0.1046,0.0531,0.0565
201512,0.2756,0.1454,0.1325,0.1059,0.0539,0.0559
201601,0.2776,0.1461,0.1333,0.1049,0.0536,0.0569
201602,0.2505,0.1379,0.1313,0.0999,0.0534,0.0578
201603,0.2437,0.1357,0.1292,0.0969,0.0518,0.0607
201604,0.2408,0.135,0.13,0.0974,0.0531,0.0617
201605,0.2451,0.1373,0.1306,0.0995,0.0533,0.0604
201606,0.245,0.14,0.1333,0.1006,0.0542,0.0614
201607,0.2109,0.0969,0.0411,0.0924,0.0668,0.0154
201608,0.2184,0.0997,0.0456,0.0926,0.0668,0.0162
201609,0.2194,0.0995,0.047,0.0923,0.067,0.016
201610,0.2201,0.1059,0.0448,0.0924,0.0668,0.0155
201611,0.212,0.1023,0.0463,0.0934,0.0663,0.015
201612,0.2078,0.0996,0.0424,0.0915,0.0618,0.0143
201701,0.2001,0.0989,0.043,0.0903,0.0635,0.0145
201702,0.2056,0.0995,0.0439,0.0917,0.0664,0.0159
201703,0.2104,0.0976,0.0478,0.0919,0.0672,0.0164
201704,0.2079,0.0972,0.0528,0.0931,0.0671,0.0167
201705,0.2071,0.0958,0.0565,0.0943,0.0675,0.0172
201706,0.2038,0.0923,0.0577,0.0944,0.0691,0.0239
201707,0.1223,0.0852,0.0518,0.0906,0.0873,0.0631
201708,0.125,0.0855,0.0511,0.0911,0.09,0.0626
201709,0.1268,0.0865,0.0494,0.0933,0.0906,0.0633
201710,0.1241,0.0857,0.0497,0.0927,0.0878,0.0622
201711,0.125,0.0869,0.0504,0.0961,0.0885,0.0603
201712,0.121,0.0862,0.0523,0.096,0.0853,0.0604
201801,0.1209,0.0835,0.0494,0.0961,0.0852,0.0596
201802,0.1244,0.0855,0.0498,0.0992,0.0856,0.0594
201803,0.1254,0.085,0.0516,0.1011,0.0864,0.0595
201804,0.1256,0.0854,0.0521,0.0988,0.0862,0.0598
201805,0.1126,0.0861,0.0527,0.1,0.0827,0.0587
201806,0.1136,0.0866,0.0534,0.1017,0.0827,0.0592
201807,0.2398,0.1133,0.0926,0.1465,0.0898,0.0549
201808,0.243,0.1118,0.0917,0.1452,0.0898,0.0539
201809,0.2436,0.1127,0.0911,0.1486,0.0906,0.0546
201810,0.2452,0.1126,0.0921,0.1474,0.0884,0.0552
201811,0.2332,0.1106,0.0899,0.1416,0.0882,0.054
201812,0.2415,0.1117,0.0907,0.141,0.0898,0.0535
201901,0.244,0.1116,0.0895,0.1399,0.0909,0.0539
201902,0.2389,0.1134,0.0877,0.1426,0.0901,0.0533
201903,0.2468,0.1145,0.0891,0.1417,0.09,0.0532
201904,0.2471,0.1149,0.0876,0.1431,0.0906,0.0546
201905,0.2401,0.1147,0.0896,0.145,0.093,0.0535
201906,0.2375,0.1157,0.0882,0.1443,0.089,0.0538
201907,0.2403,0.1198,0.0989,0.0734,0.0591,0.0644
201908,0.2353,0.1182,0.0963,0.0736,0.0602,0.0639
201909,0.2372,0.1157,0.0995,0.0723,0.0605,0.0662
201910,0.2288,0.1122,0.1007,0.0697,0.0593,0.066
201911,0.2381,0.1142,0.1031,0.0688,0.0608,0.0667
201912,0.2424,0.1176,0.1075,0.0703,0.0629,0.0648
202001,0.2388,0.1212,0.1087,0.0685,0.0619,0.0655
202002,0.2367,0.1228,0.1091,0.0711,0.0611,0.0654
202003,0.2447,0.1329,0.1114,0.0735,0.0622,0.0668
202004,0.2387,0.1304,0.1044,0.0731,0.0658,0.0645
202005,0.241,0.1315,0.1096,0.0749,0.0664,0.0656
202006,0.2433,0.1388,0.1101,0.0771,0.0672,0.0655
202007,0.2951,0.1234,0.1057,0.1278,0.1852,0.0538
202008,0.2899,0.1221,0.1056,0.1292,0.1893,0.0549
202009,0.2913,0.1243,0.1123,0.1293,0.1894,0.0564
202010,0.3053,0.1253,0.1055,0.1288,0.1923,0.0568
202011,0.2977,0.1261,0.107,0.1313,0.1877,0.0561
202012,0.2978,0.1274,0.105,0.1318,0.1882,0.0536
202101,0.2999,0.1233,0.1087,0.1307,0.1894,0.0519
202102,0.3023,0.1254,0.0945,0.1311,0.1852,0.0484
202103,0.2908,0.1235,0.105,0.1325,0.1855,0.0535
202104,0.2819,0.1171,0.1027,0.1284,0.1772,0.0524
202105,0.2864,0.1191,0.1014,0.1301,0.1761,0.053
202106,0.2803,0.118,0.0996,0.128,0.1715,0.0513
202107,0.3988,0.1922,0.0748,0.1789,0.1368,0.0702
202108,0.3951,0.1778,0.0764,0.1779,0.1348,0.0715
202109,0.3997,0.1847,0.0777,0.1786,0.1344,0.0745
202110,0.3901,0.1776,0.0723,0.1798,0.1348,0.0714
,,,,,,
Copyright 2021 Kenneth R. French,,,,,,
